timestamp,open,high,low,close,volume
2024-05-02 00:00:00+02:00,30.665748596191406,31.54570960998535,28.768028259277344,30.814250946044922,166215808.0
2024-05-03 00:00:00+02:00,30.791515350341797,31.852434158325195,30.158023834228516,31.528745651245117,40824640.0
2024-05-04 00:00:00+02:00,31.528745651245117,33.32067108154297,31.06865692138672,33.03056716918945,38213424.0
2024-05-05 00:00:00+02:00,33.02857971191406,34.92873764038086,32.73868179321289,34.48074722290039,128106880.0
2024-05-06 00:00:00+02:00,34.48320007324219,35.22355651855469,34.08113479614258,34.74888229370117,86960000.0
2024-05-07 00:00:00+02:00,34.75138473510742,36.92815399169922,34.25505828857422,34.72691345214844,248718816.0
2024-05-08 00:00:00+02:00,34.72761154174805,34.90864181518555,33.130680084228516,33.22166061401367,37888960.0
2024-05-09 00:00:00+02:00,33.21770095825195,33.21770095825195,31.356403350830078,31.460613250732422,98511616.0
2024-05-10 00:00:00+02:00,31.452674865722656,32.77528381347656,31.44346046447754,32.721492767333984,32925472.0
2024-05-11 00:00:00+02:00,32.7136116027832,33.4666633605957,30.8946590423584,30.8946590423584,115112672.0
2024-05-12 00:00:00+02:00,30.894710540771484,31.521812438964844,30.746124267578125,31.12612533569336,13290336.0
2024-05-13 00:00:00+02:00,31.12612533569336,31.477277755737305,30.602224349975586,30.822668075561523,18135248.0
2024-05-14 00:00:00+02:00,30.816497802734375,31.309579849243164,29.701059341430664,30.037277221679688,206388704.0
2024-05-15 00:00:00+02:00,30.03774642944336,30.719186782836914,29.15519142150879,29.242881774902344,128014496.0
2024-05-16 00:00:00+02:00,29.242902755737305,31.881837844848633,29.02473258972168,31.773447036743164,151461280.0
2024-05-17 00:00:00+02:00,31.77027702331543,32.1494140625,31.09122657775879,31.651838302612305,26924384.0
2024-05-18 00:00:00+02:00,31.648818969726562,34.58707809448242,31.588884353637695,33.555076599121094,185225632.0
2024-05-19 00:00:00+02:00,33.5527229309082,34.58718490600586,33.4118537902832,34.148799896240234,36597600.0
2024-05-20 00:00:00+02:00,34.14853286743164,34.67655944824219,32.58812713623047,32.95118713378906,43527168.0
2024-05-21 00:00:00+02:00,32.952693939208984,36.321651458740234,32.41152572631836,36.31732940673828,296124736.0
2024-05-22 00:00:00+02:00,36.32745361328125,38.060543060302734,36.134254455566406,37.857460021972656,360424960.0
2024-05-23 00:00:00+02:00,37.926448822021484,38.384185791015625,36.310951232910156,36.96216583251953,48923712.0
2024-05-24 00:00:00+02:00,36.961612701416016,37.213523864746094,33.9738883972168,35.42973709106445,255602016.0
2024-05-25 00:00:00+02:00,35.42791748046875,36.02353286743164,34.19441604614258,34.989601135253906,57496576.0
2024-05-26 00:00:00+02:00,34.989601135253906,35.66033172607422,34.81962203979492,35.194602966308594,3152640.0
2024-05-27 00:00:00+02:00,35.20009231567383,35.29775619506836,33.67716598510742,34.031620025634766,46583936.0
2024-05-28 00:00:00+02:00,34.03303527832031,35.776546478271484,33.82558822631836,35.19697570800781,131846144.0
2024-05-29 00:00:00+02:00,35.19580078125,35.26556396484375,33.61826705932617,34.176963806152344,158191936.0
2024-05-30 00:00:00+02:00,34.17515182495117,34.47446823120117,33.5559196472168,33.782169342041016,39043488.0
2024-05-31 00:00:00+02:00,33.78402328491211,34.259910583496094,32.70638656616211,33.24732208251953,54641568.0
2024-06-01 00:00:00+02:00,33.24751663208008,33.802101135253906,32.495174407958984,33.340946197509766,21623104.0
2024-06-02 00:00:00+02:00,33.33641815185547,33.33641815185547,32.98249816894531,33.085994720458984,1823776.0
2024-06-03 00:00:00+02:00,33.08419418334961,33.27630615234375,32.06455993652344,32.22077560424805,90487520.0
2024-06-04 00:00:00+02:00,32.22956848144531,33.431968688964844,31.908409118652344,32.43171310424805,132204992.0
2024-06-05 00:00:00+02:00,32.43062210083008,33.283992767333984,31.797643661499023,33.015953063964844,40263552.0
2024-06-06 00:00:00+02:00,33.011077880859375,33.92506790161133,32.959720611572266,33.46261215209961,42262976.0
2024-06-07 00:00:00+02:00,33.459373474121094,34.12852478027344,32.86503219604492,33.08493423461914,32563920.0
2024-06-08 00:00:00+02:00,33.093055725097656,34.05862808227539,29.27711296081543,31.127946853637695,346846080.0
2024-06-09 00:00:00+02:00,31.12665367126465,31.17799949645996,29.60559844970703,29.808177947998047,26634096.0
2024-06-10 00:00:00+02:00,29.805849075317383,30.609254837036133,29.698312759399414,30.509613037109375,10621632.0
2024-06-11 00:00:00+02:00,30.508304595947266,31.032835006713867,29.787038803100586,30.103404998779297,107206944.0
2024-06-12 00:00:00+02:00,30.109983444213867,30.163944244384766,28.56108856201172,29.321197509765625,137503360.0
2024-06-13 00:00:00+02:00,29.325220108032227,31.321191787719727,28.743484497070312,30.801115036010742,96320640.0
2024-06-14 00:00:00+02:00,30.823429107666016,30.8848819732666,28.911935806274414,29.0184326171875,38735136.0
2024-06-15 00:00:00+02:00,28.989164352416992,30.018247604370117,27.386882781982422,28.287250518798828,125422000.0
2024-06-16 00:00:00+02:00,28.28761100769043,28.556865692138672,27.93353843688965,27.998842239379883,3060096.0
2024-06-17 00:00:00+02:00,28.001224517822266,28.39767074584961,27.691041946411133,28.00857162475586,35102032.0
2024-06-18 00:00:00+02:00,28.01133155822754,28.312116622924805,25.581064224243164,26.702566146850586,134500624.0
2024-06-19 00:00:00+02:00,26.700368881225586,26.742021560668945,23.65962028503418,24.706798553466797,185786592.0
2024-06-20 00:00:00+02:00,24.711957931518555,25.67196273803711,24.605161666870117,25.091184616088867,2006720.0
2024-06-21 00:00:00+02:00,25.086368560791016,26.884763717651367,24.874202728271484,25.79067611694336,97486896.0
2024-06-22 00:00:00+02:00,25.79103660583496,26.106355667114258,25.22841453552246,25.701311111450195,7332304.0
2024-06-23 00:00:00+02:00,25.70026969909668,25.714231491088867,23.060707092285156,23.993133544921875,332287040.0
2024-06-24 00:00:00+02:00,23.993133544921875,24.289709091186523,22.63014030456543,23.530139923095703,155674064.0
2024-06-25 00:00:00+02:00,23.524547576904297,23.56385040283203,22.029924392700195,22.931673049926758,170986592.0
2024-06-26 00:00:00+02:00,22.93206024169922,24.04592514038086,22.93206024169922,23.78338623046875,21581792.0
2024-06-27 00:00:00+02:00,23.789623260498047,24.909366607666016,23.630516052246094,24.337722778320312,122060112.0
2024-06-28 00:00:00+02:00,24.338115692138672,26.426681518554688,23.736087799072266,26.142780303955078,84692096.0
2024-06-29 00:00:00+02:00,26.142839431762695,27.032047271728516,25.894590377807617,26.139236450195312,48736288.0
2024-06-30 00:00:00+02:00,26.137638092041016,26.668691635131836,25.72673797607422,25.82952880859375,26700496.0
2024-07-01 00:00:00+02:00,25.828901290893555,27.319883346557617,25.569957733154297,27.319883346557617,81142064.0
2024-07-02 00:00:00+02:00,27.326595306396484,27.908655166625977,26.905601501464844,26.92868995666504,103516064.0
2024-07-03 00:00:00+02:00,26.928043365478516,27.036100387573242,26.195650100708008,26.701963424682617,13081584.0
2024-07-04 00:00:00+02:00,26.693065643310547,26.878183364868164,24.516836166381836,24.68828773498535,95869936.0
2024-07-05 00:00:00+02:00,24.66688346862793,24.678966522216797,23.08623695373535,23.129032135009766,267488768.0
2024-07-06 00:00:00+02:00,23.124834060668945,23.42302894592285,20.44702911376953,23.206167221069336,291513344.0
2024-07-07 00:00:00+02:00,23.19788360595703,25.429241180419922,23.023956298828125,25.324424743652344,5218896.0
2024-07-08 00:00:00+02:00,25.32859992980957,25.372406005859375,23.552152633666992,23.783098220825195,35435312.0
2024-07-09 00:00:00+02:00,23.782094955444336,25.05850601196289,22.781484603881836,23.410663604736328,211650720.0
2024-07-10 00:00:00+02:00,23.399938583374023,24.47429847717285,22.901094436645508,24.25775909423828,22826240.0
2024-07-11 00:00:00+02:00,24.253250122070312,25.306180953979492,23.685466766357422,23.761442184448242,24919424.0
2024-07-12 00:00:00+02:00,23.759963989257812,24.169496536254883,23.07880210876465,23.25165557861328,73540512.0
2024-07-13 00:00:00+02:00,23.258533477783203,23.873531341552734,22.860944747924805,23.860382080078125,30389136.0
2024-07-14 00:00:00+02:00,23.860382080078125,24.075586318969727,23.41646957397461,23.813018798828125,48653600.0
2024-07-15 00:00:00+02:00,23.825672149658203,24.303359985351562,23.49704933166504,24.30288314819336,61080272.0
2024-07-16 00:00:00+02:00,24.297090530395508,25.58595085144043,24.172422409057617,25.45247459411621,116115424.0
2024-07-17 00:00:00+02:00,25.44855308532715,26.824512481689453,24.34607696533203,25.676820755004883,137414816.0
2024-07-18 00:00:00+02:00,25.6758975982666,26.585481643676758,25.00786781311035,25.00786781311035,27466464.0
2024-07-19 00:00:00+02:00,25.005794525146484,25.534040451049805,24.480403900146484,25.027772903442383,15719184.0
2024-07-20 00:00:00+02:00,25.029882431030273,26.087360382080078,24.54822540283203,25.805891036987305,85043664.0
2024-07-21 00:00:00+02:00,25.803451538085938,26.739023208618164,25.594093322753906,26.62197494506836,25216400.0
2024-07-22 00:00:00+02:00,26.62161636352539,30.262664794921875,26.31135368347168,30.01699447631836,464608608.0
2024-07-23 00:00:00+02:00,30.017351150512695,30.192285537719727,28.868900299072266,29.407419204711914,128769216.0
2024-07-24 00:00:00+02:00,29.405595779418945,29.918806076049805,27.21286964416504,27.556909561157227,73794688.0
2024-07-25 00:00:00+02:00,27.553586959838867,28.142013549804688,26.241376876831055,26.347667694091797,72003616.0
2024-07-26 00:00:00+02:00,26.34909439086914,26.34909439086914,24.291545867919922,25.106626510620117,83728608.0
2024-07-27 00:00:00+02:00,25.098432540893555,26.498241424560547,25.057262420654297,26.270828247070312,48110016.0
2024-07-28 00:00:00+02:00,26.267118453979492,27.11939811706543,25.506786346435547,26.124797821044922,71631280.0
2024-07-29 00:00:00+02:00,26.12203598022461,26.12203598022461,25.022729873657227,25.075002670288086,14191648.0
2024-07-30 00:00:00+02:00,25.076831817626953,26.578298568725586,25.076831817626953,25.1883602142334,149784672.0
2024-07-31 00:00:00+02:00,25.195220947265625,25.22357940673828,24.162086486816406,24.3767147064209,23323616.0
2024-08-01 00:00:00+02:00,24.37749671936035,24.793848037719727,23.523916244506836,23.900651931762695,71691776.0
2024-08-02 00:00:00+02:00,23.900293350219727,23.908910751342773,22.375226974487305,23.757244110107422,77596288.0
2024-08-03 00:00:00+02:00,23.758386611938477,23.966014862060547,21.466875076293945,21.567188262939453,63503568.0
2024-08-04 00:00:00+02:00,21.562633514404297,22.054515838623047,20.3890438079834,20.732887268066406,56582656.0
2024-08-05 00:00:00+02:00,20.733707427978516,20.99867057800293,18.954763412475586,19.80478858947754,53075984.0
2024-08-06 00:00:00+02:00,19.802520751953125,19.802520751953125,15.964481353759766,18.014259338378906,674676160.0
2024-08-07 00:00:00+02:00,18.022838592529297,19.621849060058594,17.848901748657227,19.300033569335938,174336.0
2024-08-08 00:00:00+02:00,19.29954719543457,19.880109786987305,18.0784969329834,18.284494400024414,18450560.0
2024-08-09 00:00:00+02:00,18.301027297973633,20.757131576538086,17.942867279052734,20.757131576538086,61072592.0
2024-08-10 00:00:00+02:00,20.808082580566406,20.85474967956543,19.548280715942383,19.870027542114258,46206928.0
2024-08-11 00:00:00+02:00,19.869661331176758,20.14327049255371,19.628915786743164,19.808237075805664,5621328.0
2024-08-12 00:00:00+02:00,19.808048248291016,20.441261291503906,18.736778259277344,18.85678482055664,66094880.0
2024-08-13 00:00:00+02:00,18.857627868652344,19.81589126586914,18.671545028686523,19.207565307617188,67487296.0
2024-08-14 00:00:00+02:00,19.20585060119629,19.681840896606445,18.904775619506836,19.49504852294922,26376656.0
2024-08-15 00:00:00+02:00,19.494983673095703,19.829809188842773,18.9134521484375,19.096073150634766,26670496.0
2024-08-16 00:00:00+02:00,19.095706939697266,19.25779914855957,18.12500762939453,18.332780838012695,71711232.0
2024-08-17 00:00:00+02:00,18.342500686645508,18.76094627380371,18.063678741455078,18.5444393157959,20735760.0
2024-08-18 00:00:00+02:00,18.544645309448242,18.7298526763916,18.370220184326172,18.65456199645996,0.0
2024-08-19 00:00:00+02:00,18.652910232543945,19.484331130981445,18.643476486206055,19.283462524414062,42906392.0
2024-08-20 00:00:00+02:00,19.283994674682617,19.283994674682617,18.4869441986084,19.024951934814453,29917432.0
2024-08-21 00:00:00+02:00,19.043245315551758,20.446699142456055,18.991657257080078,20.160558700561523,107471216.0
2024-08-22 00:00:00+02:00,20.1583309173584,21.312131881713867,20.017873764038086,21.124876022338867,39782800.0
2024-08-23 00:00:00+02:00,21.121158599853516,22.58371925354004,20.735307693481445,22.372743606567383,105232944.0
2024-08-24 00:00:00+02:00,22.37416648864746,24.06964111328125,22.33737564086914,23.86147689819336,221821632.0
2024-08-25 00:00:00+02:00,23.852766036987305,24.97327995300293,23.420644760131836,24.08595085144043,50082816.0
2024-08-26 00:00:00+02:00,24.087854385375977,24.702320098876953,23.426504135131836,24.5203800201416,42531808.0
2024-08-27 00:00:00+02:00,24.52094268798828,24.539926528930664,23.276203155517578,23.330236434936523,62096096.0
2024-08-28 00:00:00+02:00,23.329195022583008,23.980756759643555,21.288572311401367,21.553428649902344,57365568.0
2024-08-29 00:00:00+02:00,21.54998779296875,22.310331344604492,20.896268844604492,21.068359375,81710720.0
2024-08-30 00:00:00+02:00,21.070632934570312,22.2459716796875,20.66218376159668,20.688615798950195,23041936.0
2024-08-31 00:00:00+02:00,20.686582565307617,21.277311325073242,20.15120506286621,21.034313201904297,24367712.0
2024-09-01 00:00:00+02:00,21.03557777404785,21.108030319213867,20.385974884033203,20.601530075073242,1503728.0
2024-09-02 00:00:00+02:00,20.600006103515625,20.629465103149414,19.39337921142578,19.39337921142578,90887752.0
2024-09-03 00:00:00+02:00,19.37761688232422,20.34906578063965,19.22490692138672,20.279382705688477,42231088.0
2024-09-04 00:00:00+02:00,20.282194137573242,20.503231048583984,19.48844337463379,19.48844337463379,21021840.0
2024-09-05 00:00:00+02:00,19.4798526763916,20.09714126586914,18.73885154724121,19.87030029296875,58562704.0
2024-09-06 00:00:00+02:00,19.87135887145996,20.004905700683594,19.134418487548828,19.296031951904297,8531120.0
2024-09-07 00:00:00+02:00,19.29736328125,19.933935165405273,18.544584274291992,18.99933433532715,135398192.0
2024-09-08 00:00:00+02:00,19.0009708404541,19.816198348999023,18.982513427734375,19.531774520874023,7720928.0
2024-09-09 00:00:00+02:00,19.529970169067383,21.16106414794922,19.4857234954834,20.839853286743164,88519216.0
2024-09-10 00:00:00+02:00,20.83701515197754,22.019149780273438,20.80740737915039,21.697214126586914,85948080.0
2024-09-11 00:00:00+02:00,21.71206283569336,22.255149841308594,21.380830764770508,22.203550338745117,11305728.0
2024-09-12 00:00:00+02:00,22.20484733581543,22.21953773498535,20.848905563354492,21.22278594970703,60179200.0
2024-09-13 00:00:00+02:00,21.22183609008789,21.805370330810547,21.148151397705078,21.681427001953125,29300624.0
2024-09-14 00:00:00+02:00,21.682201385498047,22.638938903808594,21.360261917114258,22.60493278503418,90815776.0
2024-09-15 00:00:00+02:00,22.605119705200195,23.150156021118164,22.230249404907227,22.74810028076172,14635216.0
2024-09-16 00:00:00+02:00,22.747528076171875,22.866775512695312,21.534278869628906,21.638172149658203,37129072.0
2024-09-17 00:00:00+02:00,21.637319564819336,21.77181625366211,20.92466163635254,20.979415893554688,67396576.0
2024-09-18 00:00:00+02:00,20.978681564331055,21.99886131286621,20.830673217773438,21.425016403198242,39417488.0
2024-09-19 00:00:00+02:00,21.423194885253906,21.56072235107422,20.578567504882812,21.56072235107422,83617168.0
2024-09-20 00:00:00+02:00,21.56093978881836,23.90408706665039,21.56093978881836,23.90408706665039,223828624.0
2024-09-21 00:00:00+02:00,23.91463279724121,25.65195655822754,23.738924026489258,24.69213104248047,155850048.0
2024-09-22 00:00:00+02:00,24.690837860107422,25.129959106445312,24.21375846862793,24.801250457763672,0.0
2024-09-23 00:00:00+02:00,24.80225372314453,25.021892547607422,23.758697509765625,24.531408309936523,36288896.0
2024-09-24 00:00:00+02:00,24.589624404907227,25.202795028686523,23.917673110961914,24.605501174926758,150768384.0
2024-09-25 00:00:00+02:00,24.603116989135742,25.239013671875,24.21204948425293,25.239013671875,54171392.0
2024-09-26 00:00:00+02:00,25.241294860839844,25.471084594726562,24.48358726501465,24.659799575805664,109870848.0
2024-09-27 00:00:00+02:00,24.645854949951172,26.310998916625977,24.252355575561523,26.086091995239258,149847488.0
2024-09-28 00:00:00+02:00,26.098094940185547,27.536752700805664,25.911636352539062,27.286724090576172,38167136.0
2024-09-29 00:00:00+02:00,27.246763229370117,27.510364532470703,26.059528350830078,26.223304748535156,8752768.0
2024-09-30 00:00:00+02:00,26.21727180480957,26.369314193725586,25.346778869628906,26.061138153076172,49750064.0
2024-10-01 00:00:00+02:00,26.060983657836914,26.060983657836914,25.02513313293457,25.026803970336914,114874976.0
2024-10-02 00:00:00+02:00,25.02577018737793,26.043054580688477,22.83594512939453,23.470172882080078,249563840.0
2024-10-03 00:00:00+02:00,23.4704647064209,24.171110153198242,22.74312973022461,23.11905860900879,54157344.0
2024-10-04 00:00:00+02:00,23.12398338317871,23.22521209716797,21.750343322753906,22.376304626464844,78055936.0
2024-10-05 00:00:00+02:00,22.378604888916016,24.162050247192383,22.17019271850586,23.872434616088867,24104800.0
2024-10-06 00:00:00+02:00,23.87383270263672,24.027563095092773,22.8907470703125,23.334604263305664,9604832.0
2024-10-07 00:00:00+02:00,23.334760665893555,24.666439056396484,23.241010665893555,24.388580322265625,56794128.0
2024-10-08 00:00:00+02:00,24.391090393066406,25.207712173461914,24.34804344177246,24.351459503173828,92070976.0
2024-10-09 00:00:00+02:00,24.345821380615234,24.711210250854492,23.808347702026367,24.066267013549805,22756352.0
2024-10-10 00:00:00+02:00,24.063552856445312,24.29303741455078,23.48722267150879,23.601186752319336,36303120.0
2024-10-11 00:00:00+02:00,23.601186752319336,24.054922103881836,22.950239181518555,23.55465316772461,29135392.0
2024-10-12 00:00:00+02:00,23.550722122192383,25.163496017456055,23.53455924987793,25.15406608581543,40427696.0
2024-10-13 00:00:00+02:00,25.139461517333984,26.81151580810547,25.02042579650879,26.177644729614258,116939152.0
2024-10-14 00:00:00+02:00,26.16696548461914,26.783164978027344,25.886938095092773,26.331541061401367,32805696.0
2024-10-15 00:00:00+02:00,26.336246490478516,27.26963996887207,26.27590560913086,26.857648849487305,94768864.0
2024-10-16 00:00:00+02:00,26.8669490814209,27.037076950073242,25.33884048461914,25.64297103881836,189050208.0
2024-10-17 00:00:00+02:00,25.641324996948242,25.92940330505371,25.06641960144043,25.910444259643555,42560992.0
2024-10-18 00:00:00+02:00,25.908836364746094,25.984603881835938,24.83011817932129,25.238780975341797,49160064.0
2024-10-19 00:00:00+02:00,25.24131202697754,25.894393920898438,25.03972816467285,25.720304489135742,6851984.0
2024-10-20 00:00:00+02:00,25.719829559326172,26.13865089416504,25.516918182373047,25.8729305267334,3967360.0
2024-10-21 00:00:00+02:00,25.867935180664062,26.528921127319336,25.5538387298584,26.51685333251953,42457752.0
2024-10-22 00:00:00+02:00,26.514055252075195,26.940170288085938,25.32865333557129,25.80052375793457,151334528.0
2024-10-23 00:00:00+02:00,25.80028533935547,26.036376953125,25.195507049560547,25.713275909423828,33578752.0
2024-10-24 00:00:00+02:00,25.707542419433594,25.707542419433594,24.08128547668457,24.725574493408203,44040768.0
2024-10-25 00:00:00+02:00,24.71089744567871,25.20526885986328,24.47415542602539,24.81475067138672,26479792.0
2024-10-26 00:00:00+02:00,24.814455032348633,24.829084396362305,23.641263961791992,23.8002986907959,69136720.0
2024-10-27 00:00:00+02:00,23.79265594482422,23.79265594482422,22.424209594726562,23.40531349182129,134139760.0
2024-10-27 23:00:00+01:00,23.40531349182129,23.957691192626953,23.368045806884766,23.885028839111328,6514912.0
2024-10-28 23:00:00+01:00,23.882783889770508,24.485652923583984,23.23923110961914,24.312171936035156,121178360.0
2024-10-29 23:00:00+01:00,24.313182830810547,25.105587005615234,24.208965301513672,24.796113967895508,58756000.0
2024-10-30 23:00:00+01:00,24.79120445251465,24.82166290283203,24.010787963867188,24.149356842041016,54113264.0
2024-10-31 23:00:00+01:00,24.15398406982422,24.20778465270996,22.692033767700195,22.952655792236328,47585648.0
2024-11-01 23:00:00+01:00,22.952613830566406,23.64419174194336,22.469545364379883,22.785518646240234,69399760.0
2024-11-02 23:00:00+01:00,22.7855167388916,23.000898361206055,22.082096099853516,22.199554443359375,4243856.0
2024-11-03 23:00:00+01:00,22.198627471923828,22.277156829833984,20.886812210083008,21.668485641479492,129682280.0
2024-11-04 23:00:00+01:00,21.66945457458496,21.91636848449707,20.57916831970215,21.0391902923584,68299280.0
2024-11-05 23:00:00+01:00,21.02328109741211,22.337627410888672,20.805721282958984,21.947893142700195,48230032.0
2024-11-06 23:00:00+01:00,21.977630615234375,25.420482635498047,21.933942794799805,25.420482635498047,353323264.0
2024-11-07 23:00:00+01:00,25.408178329467773,26.067996978759766,24.613265991210938,25.207801818847656,65079680.0
2024-11-08 23:00:00+01:00,25.207490921020508,26.68326759338379,25.155601501464844,26.66173553466797,37203936.0
2024-11-09 23:00:00+01:00,26.663066864013672,27.765975952148438,26.61217498779297,27.762718200683594,61172800.0
2024-11-10 23:00:00+01:00,27.762718200683594,31.008075714111328,27.74030876159668,29.966537475585938,551400352.0
2024-11-11 23:00:00+01:00,29.970970153808594,32.740562438964844,28.766889572143555,32.740562438964844,430401344.0
2024-11-12 23:00:00+01:00,32.784481048583984,35.40495681762695,30.904321670532227,32.97142791748047,843165056.0
2024-11-13 23:00:00+01:00,32.978397369384766,33.14120101928711,29.47373390197754,31.101259231567383,268758016.0
2024-11-14 23:00:00+01:00,31.101301193237305,32.84840774536133,29.861127853393555,30.215543746948242,5800448.0
2024-11-15 23:00:00+01:00,30.214113235473633,31.516494750976562,29.08637237548828,31.433040618896484,85301696.0
2024-11-16 23:00:00+01:00,31.433040618896484,33.76303482055664,31.188499450683594,33.13954162597656,212902336.0
2024-11-17 23:00:00+01:00,33.13954162597656,35.261695861816406,31.513769149780273,32.959922790527344,394651136.0
2024-11-18 23:00:00+01:00,32.9498176574707,34.24443435668945,32.42433547973633,33.19749450683594,139858560.0
2024-11-19 23:00:00+01:00,33.19931411743164,33.65107727050781,31.76061248779297,31.966461181640625,23827840.0
2024-11-20 23:00:00+01:00,31.96795082092285,33.79994201660156,31.18761444091797,32.106788635253906,155377856.0
2024-11-21 23:00:00+01:00,32.10361099243164,34.492244720458984,30.749208450317383,34.27352523803711,252300736.0
2024-11-22 23:00:00+01:00,34.273704528808594,40.23191833496094,33.68949508666992,40.23191833496094,758535488.0
2024-11-23 23:00:00+01:00,40.24654006958008,43.22285461425781,39.28041076660156,40.167747497558594,851478144.0
2024-11-24 23:00:00+01:00,40.15898513793945,41.2193717956543,37.250640869140625,39.809654235839844,184452608.0
2024-11-25 23:00:00+01:00,39.86225891113281,45.363224029541016,38.42986297607422,40.19718551635742,957952256.0
2024-11-26 23:00:00+01:00,40.20958709716797,41.24809646606445,36.79249954223633,40.82886505126953,240577664.0
2024-11-27 23:00:00+01:00,40.829593658447266,42.16717529296875,40.13290786743164,41.553375244140625,117240576.0
2024-11-28 23:00:00+01:00,41.567596435546875,41.8250846862793,39.45130920410156,40.793399810791016,25590656.0
2024-11-29 23:00:00+01:00,40.79637145996094,42.416954040527344,40.34688186645508,42.27241134643555,129056640.0
2024-11-30 23:00:00+01:00,42.258235931396484,43.66600036621094,41.37803649902344,42.59331512451172,140477184.0
2024-12-01 23:00:00+01:00,42.59331512451172,43.12747573852539,41.47554016113281,42.52180099487305,120823744.0
2024-12-02 23:00:00+01:00,42.52444839477539,49.59264373779297,42.52432632446289,48.393836975097656,2355239360.0
2024-12-03 23:00:00+01:00,48.411624908447266,50.94021987915039,46.152347564697266,48.92841720581055,593011968.0
2024-12-04 23:00:00+01:00,48.92848205566406,52.8662109375,48.4969596862793,50.46638870239258,304401920.0
2024-12-05 23:00:00+01:00,50.49552917480469,50.69331359863281,47.40597152709961,48.04282760620117,214242048.0
2024-12-06 23:00:00+01:00,48.03631591796875,50.562129974365234,47.18132019042969,49.854248046875,133187072.0
2024-12-07 23:00:00+01:00,49.854248046875,50.18281173706055,48.546199798583984,48.97721862792969,0.0
2024-12-08 23:00:00+01:00,48.962615966796875,51.44654083251953,47.77096939086914,51.06268310546875,238075648.0
2024-12-09 23:00:00+01:00,51.14820098876953,51.288936614990234,39.53512954711914,42.347877502441406,1030768576.0
2024-12-10 23:00:00+01:00,42.348594665527344,44.05539321899414,39.498619079589844,42.53528594970703,446082688.0
2024-12-11 23:00:00+01:00,42.534523010253906,46.076255798339844,40.76420974731445,45.976112365722656,42970368.0
2024-12-12 23:00:00+01:00,45.94862747192383,52.50923156738281,45.8850212097168,50.65177917480469,917836096.0
2024-12-13 23:00:00+01:00,50.69467544555664,51.47869110107422,48.557167053222656,49.73980712890625,102845184.0
2024-12-14 23:00:00+01:00,49.70613479614258,51.135562896728516,47.10639572143555,47.425785064697266,72889984.0
2024-12-15 23:00:00+01:00,47.42213439941406,48.52349090576172,45.90473556518555,46.883811950683594,143057472.0
2024-12-16 23:00:00+01:00,46.82548904418945,49.32366180419922,46.151641845703125,47.250614166259766,343733888.0
2024-12-17 23:00:00+01:00,47.24785232543945,48.359439849853516,45.63078689575195,45.76873779296875,59301760.0
2024-12-18 23:00:00+01:00,45.77517318725586,45.855384826660156,41.94820785522461,42.03996658325195,518899264.0
2024-12-19 23:00:00+01:00,42.02758026123047,42.02758026123047,36.370601654052734,38.19934844970703,464886912.0
2024-12-20 23:00:00+01:00,38.15837860107422,38.88229751586914,32.406307220458984,38.10501480102539,483238912.0
2024-12-21 23:00:00+01:00,38.12627029418945,40.53192138671875,35.56953811645508,35.809303283691406,18415872.0
2024-12-22 23:00:00+01:00,35.8043098449707,36.864437103271484,34.12154006958008,34.96809005737305,34564224.0
2024-12-23 23:00:00+01:00,34.968017578125,38.01393508911133,34.2437629699707,38.01393508911133,288407264.0
2024-12-24 23:00:00+01:00,38.01116943359375,40.30251693725586,36.270938873291016,39.57252502441406,119241664.0
2024-12-25 23:00:00+01:00,39.55779266357422,40.08758544921875,38.29596710205078,38.57591247558594,13343040.0
2024-12-26 23:00:00+01:00,38.579044342041016,39.07141876220703,35.64049530029297,35.922000885009766,122490048.0
2024-12-27 23:00:00+01:00,35.89704895019531,37.3949089050293,34.86217498779297,34.956260681152344,59396896.0
2024-12-28 23:00:00+01:00,34.94880676269531,36.44704055786133,34.829994201660156,36.38604736328125,18034240.0
2024-12-29 23:00:00+01:00,36.36288070678711,36.36288070678711,34.0506706237793,34.14317321777344,36666080.0
2024-12-30 23:00:00+01:00,34.13513946533203,35.62700271606445,33.56394958496094,34.6541862487793,278111168.0
2024-12-31 23:00:00+01:00,34.643253326416016,35.75669860839844,33.60213088989258,34.37382888793945,0.0
2025-01-01 23:00:00+01:00,34.379913330078125,36.540008544921875,33.782596588134766,36.540008544921875,81931104.0
2025-01-02 23:00:00+01:00,36.54604721069336,39.186519622802734,36.33987045288086,38.09663009643555,251754656.0
2025-01-03 23:00:00+01:00,38.09754180908203,40.937618255615234,37.88529968261719,40.61725616455078,128785824.0
2025-01-04 23:00:00+01:00,40.605751037597656,41.52985382080078,39.7719612121582,41.499366760253906,46586560.0
2025-01-05 23:00:00+01:00,41.497535705566406,41.7896728515625,40.05299758911133,41.7896728515625,32402336.0
2025-01-06 23:00:00+01:00,41.780670166015625,43.272857666015625,40.81391525268555,42.40000915527344,262099712.0
2025-01-07 23:00:00+01:00,42.398860931396484,42.89845657348633,38.15570068359375,38.4333381652832,211914368.0
2025-01-08 23:00:00+01:00,38.44623947143555,38.51984405517578,35.32672882080078,36.42140579223633,201603392.0
2025-01-09 23:00:00+01:00,36.42189407348633,36.72605514526367,34.53764724731445,35.324302673339844,52133344.0
2025-01-10 23:00:00+01:00,35.313995361328125,36.781532287597656,35.135345458984375,35.73728942871094,89821984.0
2025-01-11 23:00:00+01:00,35.790889739990234,36.76911163330078,35.15078353881836,36.252376556396484,23863408.0
2025-01-12 23:00:00+01:00,36.2493782043457,36.576133728027344,35.266082763671875,35.331520080566406,26327952.0
2025-01-13 23:00:00+01:00,35.32848358154297,36.4165153503418,32.5244140625,34.36737823486328,321362240.0
2025-01-14 23:00:00+01:00,34.397647857666016,35.61094665527344,34.209720611572266,35.5413932800293,5631680.0
2025-01-15 23:00:00+01:00,35.5308952331543,38.6346549987793,35.18617630004883,38.31547546386719,208022560.0
2025-01-16 23:00:00+01:00,38.31517791748047,39.36274719238281,37.30272674560547,38.55015182495117,92768512.0
2025-01-17 23:00:00+01:00,38.55015182495117,40.670536041259766,38.54981231689453,40.13005065917969,76008448.0
2025-01-18 23:00:00+01:00,40.13005065917969,40.497032165527344,37.32769012451172,37.77653884887695,118297440.0
2025-01-19 23:00:00+01:00,37.765342712402344,39.35044860839844,34.853233337402344,35.29703140258789,346108192.0
2025-01-20 23:00:00+01:00,35.281471252441406,38.139076232910156,33.61787033081055,34.95688247680664,616046912.0
2025-01-21 23:00:00+01:00,34.95461654663086,35.999900817871094,33.302120208740234,35.64600372314453,6628736.0
2025-01-22 23:00:00+01:00,35.5450325012207,36.12339401245117,35.11589050292969,35.52362823486328,5319456.0
2025-01-23 23:00:00+01:00,35.39468002319336,35.415775299072266,33.371585845947266,34.12733459472656,156125088.0
2025-01-24 23:00:00+01:00,34.12733459472656,34.990421295166016,33.1562385559082,33.738014221191406,140518624.0
2025-01-25 23:00:00+01:00,33.73354721069336,35.42113494873047,33.27953338623047,35.13702392578125,190150816.0
2025-01-26 23:00:00+01:00,35.13702392578125,36.31099319458008,34.81879806518555,35.329254150390625,30125824.0
2025-01-27 23:00:00+01:00,35.32840347290039,35.32840347290039,31.30860137939453,32.55315399169922,355164384.0
2025-01-28 23:00:00+01:00,32.548458099365234,33.03961181640625,30.672439575195312,30.849245071411133,9545120.0
2025-01-29 23:00:00+01:00,30.874794006347656,32.38725662231445,30.572303771972656,31.890132904052734,122827936.0
2025-01-30 23:00:00+01:00,31.85435676574707,33.2550048828125,31.189794540405273,33.1634521484375,51928352.0
2025-01-31 23:00:00+01:00,33.1638298034668,34.74224853515625,32.56766891479492,33.13226318359375,112114880.0
2025-02-01 23:00:00+01:00,33.20658874511719,33.8280143737793,31.158687591552734,31.158687591552734,28405856.0
2025-02-02 23:00:00+01:00,31.155960083007812,31.42020606994629,25.89617347717285,26.164533615112305,466888224.0
2025-02-03 23:00:00+01:00,26.20051383972168,27.79833984375,21.984535217285156,27.662521362304688,1220587712.0
2025-02-04 23:00:00+01:00,27.599010467529297,27.71913719177246,24.803064346313477,25.187206268310547,14292608.0
2025-02-05 23:00:00+01:00,25.22257423400879,26.287214279174805,24.6964054107666,24.762531280517578,30273408.0
2025-02-06 23:00:00+01:00,24.76312255859375,25.85244369506836,23.598100662231445,23.788156509399414,50062304.0
2025-02-07 23:00:00+01:00,23.789091110229492,25.208518981933594,23.013540267944336,23.107439041137695,54830368.0
2025-02-08 23:00:00+01:00,23.107345581054688,23.997560501098633,23.107345581054688,23.643552780151367,6862496.0
2025-02-09 23:00:00+01:00,23.646949768066406,24.662893295288086,23.097675323486328,23.918027877807617,94862192.0
2025-02-10 23:00:00+01:00,23.891948699951172,25.131881713867188,23.23967933654785,24.79561996459961,95278352.0
2025-02-11 23:00:00+01:00,24.795032501220703,26.130882263183594,24.044095993041992,24.368640899658203,75159936.0
2025-02-12 23:00:00+01:00,24.339082717895508,26.00071144104004,23.68157196044922,25.67958641052246,139644896.0
2025-02-13 23:00:00+01:00,25.67974853515625,25.67974853515625,24.129608154296875,24.230649948120117,31004576.0
2025-02-14 23:00:00+01:00,24.2274227142334,25.86478042602539,24.179582595825195,24.826072692871094,87252336.0
2025-02-15 23:00:00+01:00,24.846712112426758,25.66617202758789,24.22821044921875,24.277156829833984,10782912.0
2025-02-16 23:00:00+01:00,24.30091094970703,24.38869285583496,23.646326065063477,23.846981048583984,27936880.0
2025-02-17 23:00:00+01:00,23.829200744628906,24.712928771972656,23.37320327758789,23.900672912597656,135030048.0
2025-02-18 23:00:00+01:00,23.887413024902344,24.013580322265625,21.972408294677734,22.303394317626953,75215904.0
2025-02-19 23:00:00+01:00,22.30858039855957,23.026569366455078,22.058374404907227,22.748743057250977,35835136.0
2025-02-20 23:00:00+01:00,22.767845153808594,24.125728607177734,22.764326095581055,23.81769371032715,72986336.0
2025-02-21 23:00:00+01:00,23.821224212646484,25.257898330688477,22.77396011352539,23.586807250976562,252308992.0
2025-02-22 23:00:00+01:00,23.583553314208984,25.162700653076172,23.396556854248047,24.713884353637695,68315712.0
2025-02-23 23:00:00+01:00,24.7132568359375,24.81296157836914,23.347414016723633,23.570674896240234,1056288.0
2025-02-24 23:00:00+01:00,23.565393447875977,23.94485092163086,21.001062393188477,21.00110626220703,293349328.0
2025-02-25 23:00:00+01:00,20.790531158447266,21.19495964050293,19.525575637817383,20.968835830688477,533401408.0
2025-02-26 23:00:00+01:00,20.967161178588867,21.400691986083984,20.108890533447266,20.97749137878418,87772384.0
2025-02-27 23:00:00+01:00,20.977481842041016,22.25901222229004,20.663480758666992,21.54647445678711,58166720.0
2025-02-28 23:00:00+01:00,21.547611236572266,21.68450355529785,19.550302505493164,21.268421173095703,365257504.0
2025-03-01 23:00:00+01:00,21.262680053710938,21.63698959350586,20.31740379333496,21.124963760375977,6457968.0
2025-03-02 23:00:00+01:00,21.10369300842285,23.82005500793457,20.841358184814453,23.677654266357422,557414368.0
2025-03-03 23:00:00+01:00,23.68698501586914,24.081350326538086,19.705293655395508,20.094879150390625,205136768.0
2025-03-04 23:00:00+01:00,20.058900833129883,20.179534912109375,18.055421829223633,18.86070442199707,276025728.0
2025-03-05 23:00:00+01:00,18.85970115661621,20.733524322509766,18.571823120117188,19.977962493896484,104007232.0
2025-03-06 23:00:00+01:00,19.97888946533203,20.81875228881836,19.415300369262695,19.704593658447266,86948128.0
2025-03-07 23:00:00+01:00,19.68584442138672,19.68584442138672,18.34262466430664,18.762109756469727,155873856.0
2025-03-08 23:00:00+01:00,18.720741271972656,19.36213493347168,17.99416732788086,18.977392196655273,53848224.0
2025-03-09 23:00:00+01:00,18.979591369628906,19.072364807128906,16.490556716918945,16.609600067138672,95983152.0
2025-03-10 23:00:00+01:00,16.562013626098633,17.49966812133789,14.995126724243164,15.250495910644531,215743680.0
2025-03-11 23:00:00+01:00,15.250198364257812,16.36332893371582,14.180667877197266,16.295917510986328,243164544.0
2025-03-12 23:00:00+01:00,16.29857063293457,17.281755447387695,15.566469192504883,17.225614547729492,57719296.0
2025-03-13 23:00:00+01:00,17.206485748291016,17.712926864624023,16.388805389404297,17.120424270629883,49369632.0
2025-03-14 23:00:00+01:00,17.124839782714844,17.713706970214844,17.03710174560547,17.328306198120117,59424208.0
2025-03-15 23:00:00+01:00,17.3223819732666,17.752225875854492,16.859966278076172,17.6878719329834,26132800.0
2025-03-16 23:00:00+01:00,17.690977096557617,18.137601852416992,16.752368927001953,16.752368927001953,68849552.0
2025-03-17 23:00:00+01:00,16.752805709838867,17.45227813720703,16.67655372619629,17.27791976928711,77112352.0
2025-03-18 23:00:00+01:00,17.27791976928711,17.5674991607666,16.793289184570312,17.17889976501465,43168640.0
2025-03-19 23:00:00+01:00,17.17827606201172,18.385347366333008,17.175888061523438,17.941213607788086,112962032.0
2025-03-20 23:00:00+01:00,17.94841194152832,18.168392181396484,16.99764060974121,17.194557189941406,14337568.0
2025-03-21 23:00:00+01:00,17.192840576171875,17.927305221557617,16.978574752807617,17.617389678955078,31104656.0
2025-03-22 23:00:00+01:00,17.616741180419922,18.195093154907227,17.579442977905273,17.918312072753906,13281856.0
2025-03-23 23:00:00+01:00,17.914587020874023,18.159704208374023,17.797449111938477,18.047651290893555,24449632.0
2025-03-24 23:00:00+01:00,18.058679580688477,20.433677673339844,18.058679580688477,19.69576072692871,319094816.0
2025-03-25 23:00:00+01:00,19.690433502197266,21.707088470458984,19.690433502197266,21.24480628967285,75629760.0
2025-03-26 23:00:00+01:00,21.249589920043945,21.53380584716797,20.349456787109375,20.520401000976562,22849280.0
2025-03-27 23:00:00+01:00,20.520145416259766,20.73471450805664,20.0847225189209,20.42302131652832,15230288.0
2025-03-28 23:00:00+01:00,20.41692352294922,20.536468505859375,18.29769515991211,18.92048454284668,98510768.0
2025-03-29 23:00:00+01:00,18.918701171875,18.918701171875,17.95647621154785,17.95647621154785,15374992.0
2025-03-31 00:00:00+02:00,17.9560546875,18.27345085144043,17.33082389831543,17.566709518432617,35676976.0
2025-04-01 00:00:00+02:00,17.554197311401367,17.667726516723633,16.841447830200195,17.305208206176758,52991856.0
2025-04-02 00:00:00+02:00,17.305208206176758,18.444814682006836,17.305208206176758,18.2530460357666,50331376.0
2025-04-03 00:00:00+02:00,18.240026473999023,18.36783218383789,16.482486724853516,16.482486724853516,235989760.0
2025-04-04 00:00:00+02:00,16.479164123535156,17.381263732910156,15.917125701904297,16.380361557006836,83201152.0
2025-04-05 00:00:00+02:00,16.381610870361328,17.036964416503906,15.992908477783203,16.580463409423828,67672480.0
2025-04-06 00:00:00+02:00,16.584596633911133,16.750261306762695,16.177682876586914,16.27375030517578,8821704.0
2025-04-07 00:00:00+02:00,16.273197174072266,16.325515747070312,14.557592391967773,14.557592391967773,178432752.0
2025-04-08 00:00:00+02:00,14.549793243408203,15.638717651367188,13.341941833496094,15.47011661529541,450183488.0
2025-04-09 00:00:00+02:00,15.469593048095703,16.192462921142578,14.545402526855469,14.656681060791016,19251904.0
2025-04-10 00:00:00+02:00,14.660294532775879,17.127323150634766,14.161561965942383,16.934755325317383,238476608.0
2025-04-11 00:00:00+02:00,16.93663787841797,16.94078254699707,15.738506317138672,16.2310848236084,12118784.0
2025-04-12 00:00:00+02:00,16.204992294311523,17.297061920166016,16.14682960510254,16.848405838012695,82623088.0
2025-04-13 00:00:00+02:00,16.84737777709961,18.480316162109375,16.617610931396484,17.993192672729492,83326528.0
2025-04-14 00:00:00+02:00,17.993192672729492,18.15212059020996,17.086645126342773,17.158803939819336,49848896.0
2025-04-15 00:00:00+02:00,17.163908004760742,18.156709671020508,17.14914321899414,17.7611141204834,161376448.0
2025-04-16 00:00:00+02:00,17.761608123779297,17.85582733154297,16.840951919555664,16.84429931640625,18391264.0
2025-04-17 00:00:00+02:00,16.84853172302246,16.95041275024414,16.330570220947266,16.559799194335938,50648608.0
2025-04-18 00:00:00+02:00,16.5601863861084,17.195167541503906,16.41983413696289,16.655481338500977,18971680.0
2025-04-19 00:00:00+02:00,16.655481338500977,16.985492706298828,16.589569091796875,16.882184982299805,4096624.0
2025-04-20 00:00:00+02:00,16.881872177124023,17.879581451416016,16.745967864990234,17.625980377197266,51099256.0
2025-04-21 00:00:00+02:00,17.625980377197266,17.63629150390625,16.927227020263672,16.9594669342041,23839152.0
2025-04-22 00:00:00+02:00,16.964611053466797,18.09883689880371,16.963275909423828,17.193021774291992,163064816.0
2025-04-23 00:00:00+02:00,17.186119079589844,19.499404907226562,16.99620246887207,19.4815731048584,140812464.0
2025-04-24 00:00:00+02:00,19.523269653320312,20.173147201538086,19.261640548706055,19.880462646484375,106538720.0
2025-04-25 00:00:00+02:00,19.87744903564453,19.894577026367188,19.044649124145508,19.513595581054688,9957920.0
2025-04-26 00:00:00+02:00,19.511219024658203,20.089805603027344,19.22372817993164,19.572511672973633,74856224.0
2025-04-27 00:00:00+02:00,19.572660446166992,20.095346450805664,19.09811782836914,19.57854652404785,17548544.0
2025-04-28 00:00:00+02:00,19.598957061767578,20.005260467529297,19.088275909423828,19.295560836791992,38308848.0
2025-04-29 00:00:00+02:00,19.283294677734375,19.759859085083008,18.574548721313477,19.14669418334961,104944304.0
2025-04-30 00:00:00+02:00,19.145965576171875,19.56682586669922,18.852144241333008,18.898832321166992,17104752.0
2025-05-01 00:00:00+02:00,18.879106521606445,19.26063346862793,18.033567428588867,18.438663482666016,94366448.0
2025-05-02 00:00:00+02:00,18.447980880737305,19.36221694946289,18.424087524414062,19.14188575744629,60273504.0
2025-05-03 00:00:00+02:00,19.143550872802734,19.624637603759766,18.591047286987305,18.779176712036133,48347984.0
2025-05-04 00:00:00+02:00,18.77622413635254,18.831003189086914,18.19331932067871,18.28431510925293,8063824.0
2025-05-05 00:00:00+02:00,18.283531188964844,18.283645629882812,17.553163528442383,17.683914184570312,34252928.0
2025-05-06 00:00:00+02:00,17.687271118164062,17.833595275878906,17.091325759887695,17.496295928955078,53212768.0
2025-05-07 00:00:00+02:00,17.493892669677734,17.626344680786133,17.031089782714844,17.615528106689453,26842960.0
2025-05-08 00:00:00+02:00,17.62142562866211,17.840761184692383,16.835514068603516,17.350292205810547,84949072.0
2025-05-09 00:00:00+02:00,17.34037971496582,19.693336486816406,17.23882484436035,19.453760147094727,235002224.0
2025-05-10 00:00:00+02:00,19.453773498535156,21.27902603149414,19.444904327392578,20.4722843170166,250942368.0
2025-05-11 00:00:00+02:00,20.4722843170166,22.762836456298828,20.4722843170166,22.76094627380371,127823136.0
2025-05-12 00:00:00+02:00,22.76094627380371,23.100200653076172,21.509214401245117,21.967161178588867,89373664.0
2025-05-13 00:00:00+02:00,21.967161178588867,24.023630142211914,21.61809539794922,22.461151123046875,354421280.0
2025-05-14 00:00:00+02:00,22.438095092773438,23.4033203125,21.161190032958984,23.020551681518555,75161696.0
2025-05-15 00:00:00+02:00,22.93723487854004,23.705167770385742,22.232341766357422,22.232341766357422,98153024.0
2025-05-16 00:00:00+02:00,22.223541259765625,22.435495376586914,20.659074783325195,20.87605857849121,126093472.0
2025-05-17 00:00:00+02:00,20.877391815185547,21.437667846679688,20.366928100585938,20.489368438720703,34255232.0
2025-05-18 00:00:00+02:00,20.489368438720703,20.774635314941406,19.70879364013672,19.8073787689209,37671296.0
2025-05-19 00:00:00+02:00,19.803783416748047,21.343040466308594,19.46218490600586,20.230976104736328,161053824.0
2025-05-20 00:00:00+02:00,20.242446899414062,20.68306541442871,19.005111694335938,19.678253173828125,75134720.0
2025-05-21 00:00:00+02:00,19.677228927612305,20.268577575683594,19.338756561279297,20.033641815185547,50402272.0
2025-05-22 00:00:00+02:00,20.035140991210938,20.95429801940918,19.657068252563477,20.34412384033203,187742720.0
2025-05-23 00:00:00+02:00,20.346630096435547,22.486814498901367,20.274648666381836,22.078739166259766,327828864.0
2025-05-24 00:00:00+02:00,22.076982498168945,22.863956451416016,20.722440719604492,20.722440719604492,131680896.0
2025-05-25 00:00:00+02:00,20.69403839111328,20.69794273376465,20.09829330444336,20.134475708007812,18815936.0
2025-05-26 00:00:00+02:00,20.104717254638672,20.570554733276367,19.414886474609375,20.568553924560547,27021648.0
2025-05-27 00:00:00+02:00,20.577274322509766,21.046205520629883,20.134885787963867,20.166826248168945,79978240.0
2025-05-28 00:00:00+02:00,20.159019470214844,21.014522552490234,19.805633544921875,20.533889770507812,105398784.0
2025-05-29 00:00:00+02:00,20.533679962158203,20.999460220336914,20.2154541015625,20.429645538330078,40610144.0
2025-05-30 00:00:00+02:00,20.425823211669922,21.59967041015625,19.762767791748047,19.779478073120117,192965312.0
2025-05-31 00:00:00+02:00,19.754051208496094,19.773273468017578,18.243106842041016,18.24346923828125,119330880.0
2025-06-01 00:00:00+02:00,18.181625366210938,18.607345581054688,17.479022979736328,18.392799377441406,34230816.0
2025-06-02 00:00:00+02:00,18.392993927001953,18.469087600708008,17.837261199951172,18.344999313354492,20432816.0
2025-06-03 00:00:00+02:00,18.346439361572266,18.57940673828125,17.765798568725586,18.457305908203125,75177728.0
2025-06-04 00:00:00+02:00,18.45758056640625,18.98089027404785,18.43840980529785,18.669292449951172,71664864.0
2025-06-05 00:00:00+02:00,18.669673919677734,18.9813289642334,17.627233505249023,17.704824447631836,34680304.0
2025-06-06 00:00:00+02:00,17.704875946044922,17.950525283813477,16.15556526184082,16.458515167236328,147390944.0
2025-06-07 00:00:00+02:00,16.456510543823242,17.50294303894043,16.34128189086914,17.321643829345703,35725600.0
2025-06-08 00:00:00+02:00,17.321643829345703,18.523880004882812,17.197973251342773,18.301820755004883,34763424.0
2025-06-09 00:00:00+02:00,18.30193519592285,18.844440460205078,17.698209762573242,18.561038970947266,80058384.0
2025-06-10 00:00:00+02:00,18.561500549316406,19.21942138671875,17.7188663482666,19.189952850341797,123052672.0
2025-06-11 00:00:00+02:00,19.195125579833984,19.72630500793457,18.886903762817383,19.662561416625977,148989696.0
2025-06-12 00:00:00+02:00,19.651037216186523,19.810823440551758,18.5819034576416,18.63099479675293,44517376.0
2025-06-13 00:00:00+02:00,18.63050079345703,18.78101348876953,17.443689346313477,17.558889389038086,46953088.0
2025-06-14 00:00:00+02:00,17.56229019165039,17.59099006652832,16.048778533935547,16.715272903442383,293584384.0
2025-06-15 00:00:00+02:00,16.715560913085938,16.815101623535156,16.23060417175293,16.409683227539062,1159424.0
2025-06-16 00:00:00+02:00,16.4110164642334,16.691347122192383,16.26250457763672,16.55858612060547,20255280.0
2025-06-17 00:00:00+02:00,16.55858612060547,17.266704559326172,16.40953254699707,16.73594093322754,113371264.0
2025-06-18 00:00:00+02:00,16.734289169311523,16.85926628112793,15.807140350341797,16.032920837402344,132422496.0
2025-06-19 00:00:00+02:00,16.032527923583984,16.415809631347656,15.747371673583984,15.861034393310547,53572992.0
2025-06-20 00:00:00+02:00,15.860240936279297,16.004995346069336,15.418976783752441,15.771909713745117,71714912.0
2025-06-21 00:00:00+02:00,15.770212173461914,15.977439880371094,14.717247009277344,15.019953727722168,92035312.0
2025-06-22 00:00:00+02:00,15.018706321716309,15.298813819885254,14.329934120178223,14.487675666809082,63679360.0
2025-06-23 00:00:00+02:00,14.494329452514648,14.824976921081543,13.700465202331543,14.242719650268555,183324784.0
2025-06-24 00:00:00+02:00,14.242260932922363,15.668771743774414,14.142962455749512,15.526018142700195,135757504.0
2025-06-25 00:00:00+02:00,15.569253921508789,15.919875144958496,15.466680526733398,15.64556884765625,46975168.0
2025-06-26 00:00:00+02:00,15.646780014038086,15.783443450927734,14.99864387512207,15.008838653564453,11535744.0
2025-06-27 00:00:00+02:00,15.009065628051758,15.366056442260742,14.642935752868652,14.740554809570312,16099440.0
2025-06-28 00:00:00+02:00,14.740168571472168,15.12340259552002,14.63205623626709,15.01744556427002,22315392.0
2025-06-29 00:00:00+02:00,15.019600868225098,15.411280632019043,14.936750411987305,15.400870323181152,3696896.0
2025-06-30 00:00:00+02:00,15.400870323181152,16.029762268066406,15.19970989227295,16.029762268066406,63941856.0
2025-07-01 00:00:00+02:00,16.024898529052734,16.070180892944336,15.113774299621582,15.233271598815918,128403696.0
2025-07-02 00:00:00+02:00,15.223735809326172,15.305638313293457,14.407361030578613,14.470755577087402,22484528.0
2025-07-03 00:00:00+02:00,14.469560623168945,15.934493064880371,14.394124984741211,15.832677841186523,158655040.0
2025-07-04 00:00:00+02:00,15.830615043640137,16.223512649536133,15.633432388305664,15.792340278625488,98706272.0
2025-07-05 00:00:00+02:00,15.7916259765625,16.008316040039062,14.88913345336914,15.180878639221191,48902624.0
2025-07-06 00:00:00+02:00,15.181334495544434,15.242953300476074,14.9828462600708,15.242953300476074,2620624.0
2025-07-07 00:00:00+02:00,15.243260383605957,15.778629302978516,15.084206581115723,15.669099807739258,68200128.0
2025-07-08 00:00:00+02:00,15.668754577636719,15.766743659973145,15.214364051818848,15.22138786315918,49679872.0
2025-07-09 00:00:00+02:00,15.222541809082031,15.754410743713379,15.07594108581543,15.634690284729004,64416992.0
2025-07-10 00:00:00+02:00,15.635248184204102,16.709293365478516,15.454248428344727,16.66444969177246,198178112.0
2025-07-11 00:00:00+02:00,16.664608001708984,17.684600830078125,16.49689483642578,17.65035629272461,172224192.0
2025-07-12 00:00:00+02:00,17.66027069091797,18.355531692504883,17.453292846679688,17.56941032409668,198272864.0
2025-07-13 00:00:00+02:00,17.571754455566406,17.998525619506836,17.291135787963867,17.69196128845215,26962048.0
2025-07-14 00:00:00+02:00,17.692089080810547,18.631532669067383,17.625160217285156,18.10191535949707,168626496.0
2025-07-15 00:00:00+02:00,18.081918716430664,18.881210327148438,18.0308780670166,18.281641006469727,126171808.0
2025-07-16 00:00:00+02:00,18.280357360839844,19.198915481567383,17.50757598876953,19.198915481567383,270971360.0
2025-07-17 00:00:00+02:00,19.20603370666504,19.770612716674805,18.6273193359375,19.484134674072266,103342336.0
2025-07-18 00:00:00+02:00,19.48955726623535,20.037538528442383,18.99956512451172,19.81694793701172,162040320.0
2025-07-19 00:00:00+02:00,19.818832397460938,21.49980926513672,19.789716720581055,20.084802627563477,449868928.0
2025-07-20 00:00:00+02:00,20.082414627075195,21.599170684814453,19.842267990112305,20.9488468170166,147773888.0
2025-07-21 00:00:00+02:00,20.949831008911133,21.91427230834961,20.865737915039062,21.54578399658203,242395328.0
2025-07-22 00:00:00+02:00,21.54496955871582,22.546968460083008,21.241865158081055,21.822616577148438,227819136.0
2025-07-23 00:00:00+02:00,21.821903228759766,22.285175323486328,21.1112060546875,21.64059066772461,403098368.0
2025-07-24 00:00:00+02:00,21.656972885131836,22.149566650390625,19.719430923461914,20.382314682006836,182348288.0
2025-07-25 00:00:00+02:00,20.381452560424805,20.76988983154297,19.276891708374023,20.397058486938477,90744704.0
2025-07-26 00:00:00+02:00,20.39462661743164,20.4498348236084,19.500337600708008,20.421730041503906,108981088.0
2025-07-27 00:00:00+02:00,20.435712814331055,21.888486862182617,20.321178436279297,21.307218551635742,140512640.0
2025-07-28 00:00:00+02:00,21.295188903808594,22.432397842407227,21.08641242980957,22.125293731689453,157588384.0
2025-07-29 00:00:00+02:00,22.0798397064209,23.419322967529297,21.65993881225586,21.709596633911133,602527296.0
2025-07-30 00:00:00+02:00,21.710054397583008,22.06429100036621,20.724130630493164,21.082326889038086,74775680.0
2025-07-31 00:00:00+02:00,21.07933807373047,21.157760620117188,19.724027633666992,20.24112892150879,131118240.0
2025-08-01 00:00:00+02:00,20.251752853393555,21.062889099121094,19.679853439331055,19.704927444458008,103350528.0
2025-08-02 00:00:00+02:00,19.719480514526367,19.807022094726562,18.253971099853516,18.353315353393555,272089312.0
2025-08-03 00:00:00+02:00,18.353315353393555,18.80317497253418,17.866559982299805,18.135461807250977,7231584.0
2025-08-04 00:00:00+02:00,18.135461807250977,18.5802001953125,17.8455810546875,18.485013961791992,33346544.0
2025-08-05 00:00:00+02:00,18.479368209838867,19.925540924072266,18.437782287597656,19.92418670654297,261912240.0
2025-08-06 00:00:00+02:00,19.925111770629883,19.988588333129883,18.561067581176758,18.8040828704834,83189696.0
2025-08-07 00:00:00+02:00,18.804702758789062,19.23892593383789,18.649513244628906,19.09100914001465,55755040.0
2025-08-08 00:00:00+02:00,19.09071922302246,20.000703811645508,18.822750091552734,19.999670028686523,217436896.0
2025-08-09 00:00:00+02:00,19.999576568603516,20.47421646118164,19.763248443603516,20.436359405517578,314594880.0
2025-08-10 00:00:00+02:00,20.4364070892334,21.271881103515625,20.402036666870117,21.018667221069336,165857088.0
2025-08-11 00:00:00+02:00,21.008880615234375,21.04537010192871,20.00672149658203,20.390972137451172,139593312.0
2025-08-12 00:00:00+02:00,20.41789436340332,21.071496963500977,19.53445053100586,19.638317108154297,196257152.0
2025-08-13 00:00:00+02:00,19.630008697509766,21.27520179748535,19.620342254638672,21.057546615600586,175803488.0
2025-08-14 00:00:00+02:00,21.08150863647461,21.884071350097656,20.884801864624023,21.802757263183594,225109248.0
2025-08-15 00:00:00+02:00,21.801864624023438,22.186826705932617,19.95278549194336,20.21631622314453,396871424.0
2025-08-16 00:00:00+02:00,20.218530654907227,21.953176498413086,20.0941104888916,20.585500717163086,331934400.0
2025-08-17 00:00:00+02:00,20.5955753326416,20.81646728515625,20.174869537353516,20.77134132385254,18610944.0
2025-08-18 00:00:00+02:00,20.75642204284668,21.921993255615234,20.555227279663086,21.558759689331055,238215552.0
2025-08-19 00:00:00+02:00,21.55618667602539,21.570945739746094,20.04126739501953,20.500478744506836,300652096.0
2025-08-20 00:00:00+02:00,20.499475479125977,20.622310638427734,19.219799041748047,19.431432723999023,32115008.0
2025-08-21 00:00:00+02:00,19.431184768676758,20.198787689208984,19.166976928710938,20.198787689208984,38136704.0
2025-08-22 00:00:00+02:00,20.19972801208496,20.22273826599121,19.582706451416016,19.78084373474121,43146432.0
2025-08-23 00:00:00+02:00,19.78075408935547,21.627483367919922,19.1822566986084,21.383190155029297,570610784.0
2025-08-24 00:00:00+02:00,21.3840389251709,22.76094627380371,20.906841278076172,22.32703971862793,424201984.0
2025-08-25 00:00:00+02:00,22.332712173461914,22.667739868164062,21.30286979675293,21.977514266967773,298764832.0
2025-08-26 00:00:00+02:00,21.981300354003906,22.140756607055664,19.91000747680664,20.1077938079834,267108672.0
2025-08-27 00:00:00+02:00,20.10800552368164,20.9168643951416,19.900800704956055,20.784093856811523,94341696.0
2025-08-28 00:00:00+02:00,20.78711700439453,21.816383361816406,20.55718421936035,21.08004379272461,193077984.0
2025-08-29 00:00:00+02:00,21.079002380371094,21.42799186706543,20.68597984313965,21.212417602539062,73278336.0
2025-08-30 00:00:00+02:00,21.2168025970459,21.59183692932129,19.863618850708008,20.1173152923584,272084768.0
2025-08-31 00:00:00+02:00,20.121158599853516,20.458402633666992,19.815279006958008,20.31917953491211,570560.0
2025-09-01 00:00:00+02:00,20.319623947143555,20.830846786499023,20.26772117614746,20.275379180908203,27155824.0
2025-09-02 00:00:00+02:00,20.27442169189453,20.71049690246582,19.384180068969727,19.548315048217773,399449632.0
2025-09-03 00:00:00+02:00,19.529850006103516,20.981815338134766,19.529850006103516,20.981815338134766,150190848.0
2025-09-04 00:00:00+02:00,20.988323211669922,21.976346969604492,20.89627456665039,21.617258071899414,165873344.0
2025-09-05 00:00:00+02:00,21.61762046813965,21.67171287536621,20.78874397277832,20.99447250366211,34980608.0
2025-09-06 00:00:00+02:00,20.99535369873047,21.35577964782715,20.496076583862305,20.827327728271484,188665280.0
2025-09-07 00:00:00+02:00,20.827287673950195,20.99407386779785,20.570247650146484,20.81008529663086,3710480.0
2025-09-08 00:00:00+02:00,20.81014060974121,21.09463119506836,20.722806930541992,21.061111450195312,44056432.0
2025-09-09 00:00:00+02:00,21.060819625854492,21.922134399414062,20.961502075195312,21.6165714263916,317790032.0
2025-09-10 00:00:00+02:00,21.61385726928711,22.365812301635742,21.182384490966797,22.21552276611328,266365408.0
2025-09-11 00:00:00+02:00,22.219192504882812,25.133934020996094,22.036827087402344,24.874473571777344,722994560.0
2025-09-12 00:00:00+02:00,24.874963760375977,25.478670120239258,24.46095848083496,24.821819305419922,172724736.0
2025-09-13 00:00:00+02:00,24.821002960205078,25.03096580505371,24.14391326904297,24.497943878173828,96483328.0
2025-09-14 00:00:00+02:00,24.496017456054688,26.573545455932617,24.431175231933594,25.491384506225586,656715712.0
2025-09-15 00:00:00+02:00,25.49183464050293,26.064937591552734,24.816028594970703,25.730451583862305,88202688.0
2025-09-16 00:00:00+02:00,25.73096466064453,25.811445236206055,24.10729217529297,25.298553466796875,409844608.0
2025-09-17 00:00:00+02:00,25.300704956054688,26.061969757080078,24.84715461730957,25.384078979492188,165333824.0
2025-09-18 00:00:00+02:00,25.383262634277344,26.869184494018555,24.850744247436523,26.84507942199707,316345088.0
2025-09-19 00:00:00+02:00,26.83341407775879,29.929452896118164,26.751222610473633,29.56900405883789,1100703488.0
2025-09-20 00:00:00+02:00,29.56394386291504,30.35882568359375,28.626428604125977,28.899364471435547,125924480.0
2025-09-21 00:00:00+02:00,28.909412384033203,29.022045135498047,28.060049057006836,28.385576248168945,19263488.0
2025-09-22 00:00:00+02:00,28.38582992553711,28.58587646484375,27.809581756591797,28.256084442138672,64614784.0
2025-09-23 00:00:00+02:00,28.257911682128906,28.259138107299805,25.7125301361084,28.163774490356445,1077790016.0
2025-09-24 00:00:00+02:00,28.149169921875,30.437395095825195,27.81818199157715,28.556909561157227,963902336.0
2025-09-25 00:00:00+02:00,28.53676986694336,29.631563186645508,27.55613136291504,27.563383102416992,96489728.0
2025-09-26 00:00:00+02:00,27.569040298461914,27.85968017578125,24.76243019104004,24.94331932067871,445112576.0
2025-09-27 00:00:00+02:00,24.9405460357666,25.236251831054688,23.210689544677734,24.676647186279297,265856256.0
2025-09-28 00:00:00+02:00,24.679166793823242,24.868610382080078,24.158855438232422,24.628435134887695,0.0
2025-09-29 00:00:00+02:00,24.63467788696289,25.523113250732422,23.897171020507812,25.50796127319336,158132352.0
2025-09-30 00:00:00+02:00,25.50312042236328,26.253440856933594,24.892637252807617,26.041929244995117,603733952.0
2025-10-01 00:00:00+02:00,26.036518096923828,26.139902114868164,24.536529541015625,25.470855712890625,98356480.0
2025-10-02 00:00:00+02:00,25.465946197509766,26.480043411254883,25.218599319458008,26.025466918945312,188944128.0
2025-10-03 00:00:00+02:00,26.051462173461914,26.712312698364258,25.32566261291504,26.395423889160156,582558528.0
2025-10-04 00:00:00+02:00,26.40929412841797,26.847747802734375,25.60240364074707,26.725831985473633,139083072.0
2025-10-05 00:00:00+02:00,26.725330352783203,26.79753875732422,25.478225708007812,25.7413272857666,11351040.0
2025-10-06 00:00:00+02:00,25.7457332611084,26.5285701751709,25.334836959838867,25.494266510009766,155830528.0
2025-10-07 00:00:00+02:00,25.50650405883789,26.437744140625,25.47469139099121,26.146549224853516,200010880.0
2025-10-08 00:00:00+02:00,26.13380241394043,26.243579864501953,24.148208618164062,24.185367584228516,329113728.0
2025-10-09 00:00:00+02:00,24.18581771850586,25.28385353088379,23.95318603515625,24.78584861755371,134031296.0
2025-10-10 00:00:00+02:00,24.78728485107422,24.80915641784668,23.957122802734375,24.528860092163086,45804992.0
2025-10-11 00:00:00+02:00,24.529712677001953,24.719989776611328,9.345499992370605,17.947364807128906,1269528288.0
2025-10-12 00:00:00+02:00,17.910236358642578,20.086660385131836,17.729496002197266,18.648462295532227,906025600.0
2025-10-13 00:00:00+02:00,18.637598037719727,20.052379608154297,17.824790954589844,19.490354537963867,329585216.0
2025-10-14 00:00:00+02:00,19.492149353027344,20.793020248413086,18.901996612548828,20.62882423400879,534416128.0
2025-10-15 00:00:00+02:00,20.627933502197266,20.666057586669922,19.003963470458984,19.56656837463379,106896128.0
2025-10-16 00:00:00+02:00,19.56501579284668,19.965364456176758,18.606454849243164,18.7259578704834,13629184.0
2025-10-17 00:00:00+02:00,18.726177215576172,19.17085838317871,17.693159103393555,17.737749099731445,191362624.0
2025-10-18 00:00:00+02:00,17.73822593688965,18.101957321166992,16.32741355895996,17.22423553466797,273106112.0
2025-10-19 00:00:00+02:00,17.22423553466797,17.485836029052734,17.035207748413086,17.33629608154297,0.0
2025-10-20 00:00:00+02:00,17.33629608154297,17.878366470336914,16.963735580444336,17.791555404663086,125132720.0
2025-10-21 00:00:00+02:00,17.79054832458496,18.13895606994629,17.325794219970703,17.546159744262695,202543616.0
2025-10-22 00:00:00+02:00,17.542268753051758,17.937496185302734,16.759418487548828,17.083093643188477,148575200.0
2025-10-23 00:00:00+02:00,17.084314346313477,17.084314346313477,16.00080680847168,16.15611457824707,98027456.0
2025-10-24 00:00:00+02:00,16.156246185302734,16.974674224853516,16.156246185302734,16.4237060546875,35451808.0
2025-10-25 00:00:00+02:00,16.423667907714844,16.978473663330078,16.370277404785156,16.82434844970703,74678464.0
2025-10-26 00:00:00+02:00,16.824535369873047,17.046890258789062,16.573379516601562,16.99648666381836,13519040.0
2025-10-26 23:00:00+01:00,16.994102478027344,17.83973503112793,16.653594970703125,17.837453842163086,238090000.0
2025-10-27 23:00:00+01:00,17.821496963500977,18.126991271972656,17.430522918701172,17.442045211791992,141217376.0
2025-10-28 23:00:00+01:00,17.4462947845459,17.54733657836914,16.51316261291504,16.78092384338379,79596032.0
2025-10-29 23:00:00+01:00,16.781269073486328,17.38256072998047,16.606361389160156,17.21565055847168,93148992.0
2025-10-30 23:00:00+01:00,17.215251922607422,17.215290069580078,15.206549644470215,15.597061157226562,252148224.0
2025-10-31 23:00:00+01:00,15.599542617797852,16.051597595214844,15.488802909851074,15.68507194519043,37314240.0
2025-11-01 23:00:00+01:00,15.684975624084473,16.18981170654297,15.607644081115723,16.045995712280273,7422464.0
2025-11-02 23:00:00+01:00,16.04597282409668,16.36797523498535,15.682608604431152,15.904463768005371,23854896.0
2025-11-03 23:00:00+01:00,15.902623176574707,16.365978240966797,14.19196605682373,14.436649322509766,463639584.0
2025-11-04 23:00:00+01:00,14.437397956848145,14.753901481628418,13.211695671081543,13.972274780273438,259148928.0
2025-11-05 23:00:00+01:00,13.972980499267578,14.783808708190918,13.365606307983398,14.527304649353027,66039488.0
2025-11-06 23:00:00+01:00,14.526103019714355,14.527857780456543,13.579675674438477,13.961260795593262,37579648.0
2025-11-07 23:00:00+01:00,13.958983421325684,15.566883087158203,13.835271835327148,15.566883087158203,306976704.0
2025-11-08 23:00:00+01:00,15.568636894226074,15.880274772644043,14.745161056518555,15.081329345703125,101564928.0
2025-11-09 23:00:00+01:00,15.081329345703125,15.472190856933594,14.554900169372559,15.349742889404297,31368160.0
2025-11-10 23:00:00+01:00,15.360280990600586,15.852431297302246,15.324626922607422,15.852431297302246,120171296.0
2025-11-11 23:00:00+01:00,15.853103637695312,16.049089431762695,14.681488037109375,14.844595909118652,53722944.0
2025-11-12 23:00:00+01:00,14.839232444763184,15.341827392578125,14.375550270080566,14.600260734558105,52555264.0
2025-11-13 23:00:00+01:00,14.601247787475586,15.254734992980957,13.586251258850098,13.841137886047363,179036448.0
2025-11-14 23:00:00+01:00,13.840605735778809,14.010075569152832,12.97854232788086,13.132563591003418,191878528.0
2025-11-15 23:00:00+01:00,13.131690979003906,13.556598663330078,12.83443546295166,13.409616470336914,16390592.0
2025-11-16 23:00:00+01:00,13.411311149597168,13.619096755981445,12.627223014831543,12.921272277832031,153568400.0
2025-11-17 23:00:00+01:00,12.918741226196289,13.585342407226562,12.313374519348145,12.55662727355957,219850304.0
2025-11-18 23:00:00+01:00,12.557223320007324,12.861584663391113,12.148106575012207,12.671002388000488,148277600.0
2025-11-19 23:00:00+01:00,12.670685768127441,12.670685768127441,11.921618461608887,12.316152572631836,77218240.0
2025-11-20 23:00:00+01:00,12.316293716430664,12.537976264953613,11.71247673034668,12.08285903930664,105040000.0
2025-11-21 23:00:00+01:00,12.083830833435059,12.086657524108887,11.061534881591797,11.480463981628418,217137440.0
2025-11-22 23:00:00+01:00,11.479413986206055,11.593345642089844,11.33154582977295,11.561704635620117,12145216.0
2025-11-23 23:00:00+01:00,11.564208984375,11.677511215209961,11.471536636352539,11.643821716308594,18401232.0
2025-11-24 23:00:00+01:00,11.647740364074707,12.178053855895996,11.453261375427246,12.064905166625977,142738928.0
2025-11-25 23:00:00+01:00,12.065153121948242,12.202478408813477,11.87256908416748,12.180583953857422,48642304.0
2025-11-26 23:00:00+01:00,12.185368537902832,12.703097343444824,12.023760795593262,12.674362182617188,82291072.0
2025-11-27 23:00:00+01:00,12.674302101135254,13.064217567443848,12.674302101135254,12.955780982971191,62580704.0
2025-11-28 23:00:00+01:00,12.954878807067871,13.157843589782715,12.790124893188477,12.805590629577637,86718368.0
2025-11-29 23:00:00+01:00,12.474289894104004,12.474289894104004,12.31499195098877,12.410196304321289,13985152.0
2025-11-30 23:00:00+01:00,12.408435821533203,12.408435821533203,11.935942649841309,11.978636741638184,83287776.0
2025-12-01 23:00:00+01:00,11.97926139831543,11.999171257019043,10.818988800048828,11.040666580200195,165318944.0
2025-12-02 23:00:00+01:00,11.036842346191406,11.815221786499023,10.972962379455566,11.810151100158691,141727168.0
2025-12-03 23:00:00+01:00,11.810969352722168,12.78014087677002,11.689484596252441,12.73259162902832,201869696.0
2025-12-04 23:00:00+01:00,12.73627758026123,12.7537260055542,12.23519229888916,12.41836166381836,43517920.0
2025-12-05 23:00:00+01:00,12.419445991516113,12.456779479980469,11.36792278289795,11.382237434387207,82028032.0
2025-12-06 23:00:00+01:00,11.412010192871094,11.560452461242676,11.305556297302246,11.49856948852539,36441040.0
2025-12-07 23:00:00+01:00,11.518538475036621,11.87592601776123,11.183377265930176,11.49821949005127,85922912.0
2025-12-08 23:00:00+01:00,11.500661849975586,11.910811424255371,11.481959342956543,11.752632141113281,64987584.0
2025-12-09 23:00:00+01:00,11.75395393371582,12.650294303894043,11.618170738220215,12.564716339111328,161742352.0
2025-12-10 23:00:00+01:00,12.564117431640625,12.622005462646484,12.110368728637695,12.195478439331055,115335712.0
2025-12-11 23:00:00+01:00,12.196782112121582,12.200484275817871,10.986385345458984,11.423409461975098,134917696.0
2025-12-12 23:00:00+01:00,11.425522804260254,11.739871978759766,10.946602821350098,11.166080474853516,16454464.0
2025-12-13 23:00:00+01:00,11.167159080505371,11.467690467834473,11.164362907409668,11.345124244689941,8242240.0
2025-12-14 23:00:00+01:00,11.347631454467773,11.411303520202637,10.957451820373535,10.985147476196289,32829952.0
2025-12-15 23:00:00+01:00,10.986540794372559,11.343546867370605,10.448224067687988,10.495431900024414,189896912.0
2025-12-16 23:00:00+01:00,10.510331153869629,10.519407272338867,10.193475723266602,10.481833457946777,51022816.0
2025-12-17 23:00:00+01:00,10.480048179626465,10.703267097473145,9.989252090454102,10.113238334655762,105063056.0
2025-12-18 23:00:00+01:00,10.122945785522461,10.469000816345215,9.645383834838867,9.789997100830078,128343680.0
2025-12-19 23:00:00+01:00,9.788522720336914,10.564167022705078,9.617664337158203,10.49722671508789,109819744.0
2025-12-20 23:00:00+01:00,10.497000694274902,10.552131652832031,10.385034561157227,10.396183967590332,232544.0
2025-12-21 23:00:00+01:00,10.396597862243652,10.517705917358398,10.200116157531738,10.331565856933594,43239520.0
2025-12-22 23:00:00+01:00,10.330521583557129,10.55095386505127,10.283100128173828,10.536479949951172,153924512.0
2025-12-23 23:00:00+01:00,10.537126541137695,10.63170051574707,10.103728294372559,10.31545639038086,65855520.0
2025-12-24 23:00:00+01:00,10.316272735595703,10.3349027633667,10.11489200592041,10.286410331726074,7978208.0
2025-12-25 23:00:00+01:00,10.288126945495605,10.604887008666992,10.23817253112793,10.443248748779297,42875280.0
2025-12-26 23:00:00+01:00,10.446539878845215,10.67354965209961,10.222782135009766,10.477761268615723,90754752.0
2025-12-27 23:00:00+01:00,10.478601455688477,10.72760009765625,10.470598220825195,10.68195629119873,13044768.0
2025-12-28 23:00:00+01:00,10.682101249694824,10.902070999145508,10.676118850708008,10.778973579406738,50645184.0
