symbol,direction,indicator,htf,param_desc,entry_time,entry_price,exit_time,exit_price,stake,fees,pnl,equity_after,reason,size_units,Zeit,ExitZeit,Entry,ExitPreis
SUI/EUR,Short,jma,12h,"ParamA=50.0, ParamB=50.0, ATR=None",2024-08-20T05:00:00+02:00,0.8112,2024-08-21T05:00:00+02:00,0.7846,1600.0,3.2,49.26548323471414,16049.265483234714,"Time-based exit (2 bars, optimal=2)",1972.386587771203,2024-08-20T05:00:00+02:00,2024-08-21T05:00:00+02:00,0.8112,0.7846
SUI/EUR,Short,jma,12h,"ParamA=50.0, ParamB=50.0, ATR=None",2024-08-21T05:00:00+02:00,0.7846,2024-08-22T05:00:00+02:00,0.7656,1604.9265483234715,3.209853096646943,35.65530675314401,16084.920789987858,"Time-based exit (2 bars, optimal=2)",2045.5347289363644,2024-08-21T05:00:00+02:00,2024-08-22T05:00:00+02:00,0.7846,0.7656
SUI/EUR,Short,jma,12h,"ParamA=50.0, ParamB=50.0, ATR=None",2024-08-22T06:00:00+02:00,0.7596,2024-08-24T09:00:00+02:00,0.9103,1608.492078998786,3.216984157997572,-322.33198719264334,15762.588802795215,Trend flip,2117.5514468125143,2024-08-22T06:00:00+02:00,2024-08-24T09:00:00+02:00,0.7596,0.9103
SUI/EUR,Short,jma,12h,"ParamA=50.0, ParamB=50.0, ATR=None",2024-08-26T06:00:00+02:00,0.8854,2024-08-27T06:00:00+02:00,0.8592,1576.2588802795215,3.152517760559043,43.49078770965043,15806.079590504865,"Time-based exit (2 bars, optimal=2)",1780.2788347408193,2024-08-26T06:00:00+02:00,2024-08-27T06:00:00+02:00,0.8854,0.8592
SUI/EUR,Short,jma,12h,"ParamA=50.0, ParamB=50.0, ATR=None",2024-08-27T08:00:00+02:00,0.85,2024-08-28T08:00:00+02:00,0.752,1580.6079590504864,3.161215918100973,179.0735840665433,15985.15317457141,"Time-based exit (2 bars, optimal=2)",1859.5387753535135,2024-08-27T08:00:00+02:00,2024-08-28T08:00:00+02:00,0.85,0.752
SUI/EUR,Short,jma,12h,"ParamA=50.0, ParamB=50.0, ATR=None",2024-08-28T09:00:00+02:00,0.7347,2024-08-29T20:00:00+02:00,0.7228,1598.515317457141,3.1970306349142823,22.694261426798,16007.847435998206,"Time-based exit (2 bars, optimal=2)",2175.7388287153135,2024-08-28T09:00:00+02:00,2024-08-29T20:00:00+02:00,0.7347,0.7228
SUI/EUR,Short,jma,12h,"ParamA=50.0, ParamB=50.0, ATR=None",2024-08-29T20:00:00+02:00,0.7228,2024-08-31T06:00:00+02:00,0.7507,1600.7847435998206,3.201569487199641,-64.99168341419887,15942.855752584008,Trend flip,2214.69942390678,2024-08-29T20:00:00+02:00,2024-08-31T06:00:00+02:00,0.7228,0.7507
SUI/EUR,Short,jma,12h,"ParamA=50.0, ParamB=50.0, ATR=None",2024-08-31T07:00:00+02:00,0.7458,2024-09-01T07:00:00+02:00,0.7109,1594.2855752584007,3.1885711505168017,71.41664013470476,16014.272392718713,"Time-based exit (2 bars, optimal=2)",2137.6851371123635,2024-08-31T07:00:00+02:00,2024-09-01T07:00:00+02:00,0.7458,0.7109
SUI/EUR,Short,jma,12h,"ParamA=50.0, ParamB=50.0, ATR=None",2024-09-01T07:00:00+02:00,0.7109,2024-09-02T07:00:00+02:00,0.6969,1601.4272392718713,3.2028544785437427,28.334606978491312,16042.606999697204,"Time-based exit (2 bars, optimal=2)",2252.6758183596444,2024-09-01T07:00:00+02:00,2024-09-02T07:00:00+02:00,0.7109,0.6969
SUI/EUR,Short,jma,12h,"ParamA=50.0, ParamB=50.0, ATR=None",2024-09-03T15:00:00+02:00,0.7292,2024-09-04T15:00:00+02:00,0.7111,1604.2606999697205,3.208521399939441,36.611992408963395,16079.218992106167,"Time-based exit (2 bars, optimal=2)",2200.0283872322,2024-09-03T15:00:00+02:00,2024-09-04T15:00:00+02:00,0.7292,0.7111
SUI/EUR,Short,jma,12h,"ParamA=50.0, ParamB=50.0, ATR=None",2024-09-11T01:00:00+02:00,0.8329,2024-09-13T00:00:00+02:00,0.9437,1607.9218992106166,3.215843798421233,-217.11636778994043,15862.102624316227,Trend flip,1930.5101443277904,2024-09-11T01:00:00+02:00,2024-09-13T00:00:00+02:00,0.8329,0.9437
SUI/EUR,Short,jma,12h,"ParamA=50.0, ParamB=50.0, ATR=None",2024-09-14T03:00:00+02:00,0.9284,2024-09-15T11:00:00+02:00,0.9769,1586.2102624316226,3.172420524863245,-86.03670071436527,15776.065923601862,Trend flip,1708.5418595773617,2024-09-14T03:00:00+02:00,2024-09-15T11:00:00+02:00,0.9284,0.9769
SUI/EUR,Short,jma,12h,"ParamA=50.0, ParamB=50.0, ATR=None",2024-09-16T14:00:00+02:00,0.9763,2024-09-17T23:00:00+02:00,1.056,1577.6065923601861,3.155213184720372,-131.94272256821623,15644.123201033646,Trend flip,1615.9035054390927,2024-09-16T14:00:00+02:00,2024-09-17T23:00:00+02:00,0.9763,1.056
SUI/EUR,Short,jma,12h,"ParamA=50.0, ParamB=50.0, ATR=None",2024-09-24T05:00:00+02:00,1.3846,2024-09-26T01:00:00+02:00,1.5326,1564.4123201033647,3.1288246402067292,-170.34897730184028,15473.774223731805,Trend flip,1129.8658963623895,2024-09-24T05:00:00+02:00,2024-09-26T01:00:00+02:00,1.3846,1.5326
SUI/EUR,Short,jma,12h,"ParamA=50.0, ParamB=50.0, ATR=None",2024-09-26T15:00:00+02:00,1.518,2024-09-27T15:00:00+02:00,1.5115,1547.3774223731805,3.094754844746361,3.531037807049157,15477.305261538855,"Time-based exit (2 bars, optimal=2)",1019.3527156608567,2024-09-26T15:00:00+02:00,2024-09-27T15:00:00+02:00,1.518,1.5115
SUI/EUR,Short,jma,12h,"ParamA=50.0, ParamB=50.0, ATR=None",2024-09-27T15:00:00+02:00,1.5115,2024-09-28T15:00:00+02:00,1.4527,1547.7305261538854,3.095461052307771,57.113969935352436,15534.419231474207,"Time-based exit (2 bars, optimal=2)",1023.9699147561266,2024-09-27T15:00:00+02:00,2024-09-28T15:00:00+02:00,1.5115,1.4527
SUI/EUR,Short,jma,12h,"ParamA=50.0, ParamB=50.0, ATR=None",2024-09-29T04:00:00+02:00,1.493,2024-09-30T08:00:00+02:00,1.5847,1553.4419231474208,3.1068838462948416,-98.51922433699698,15435.90000713721,Trend flip,1040.4835386118023,2024-09-29T04:00:00+02:00,2024-09-30T08:00:00+02:00,1.493,1.5847
SUI/EUR,Short,jma,12h,"ParamA=50.0, ParamB=50.0, ATR=None",2024-10-01T15:00:00+02:00,1.6915,2024-10-02T15:00:00+02:00,1.7041,1543.590000713721,3.087180001427442,-14.585396973932792,15421.314610163277,"Time-based exit (2 bars, optimal=2)",912.5569025797937,2024-10-01T15:00:00+02:00,2024-10-02T15:00:00+02:00,1.6915,1.7041
SUI/EUR,Short,jma,12h,"ParamA=50.0, ParamB=50.0, ATR=None",2024-10-04T04:00:00+02:00,1.4942,2024-10-05T14:00:00+02:00,1.5724,1542.1314610163276,3.0842629220326554,-83.79278939203459,15337.521820771242,Trend flip,1032.0783436061622,2024-10-04T04:00:00+02:00,2024-10-05T14:00:00+02:00,1.4942,1.5724
SUI/EUR,Short,jma,12h,"ParamA=50.0, ParamB=50.0, ATR=None",2024-10-05T15:00:00+02:00,1.5616,2024-10-07T00:00:00+02:00,1.6632,1533.7521820771242,3.0675043641542485,-102.85568424314738,15234.666136528094,Trend flip,982.1671247932403,2024-10-05T15:00:00+02:00,2024-10-07T00:00:00+02:00,1.5616,1.6632
SUI/EUR,Short,jma,12h,"ParamA=50.0, ParamB=50.0, ATR=None",2024-10-09T02:00:00+02:00,1.7925,2024-10-10T02:00:00+02:00,1.711,1523.4666136528094,3.046933227305619,66.22086538508145,15300.887001913175,"Time-based exit (2 bars, optimal=2)",849.9116394157933,2024-10-09T02:00:00+02:00,2024-10-10T02:00:00+02:00,1.7925,1.711
SUI/EUR,Short,jma,12h,"ParamA=50.0, ParamB=50.0, ATR=None",2024-10-10T04:00:00+02:00,1.7135,2024-10-11T04:00:00+02:00,1.6779,1530.0887001913175,3.060177400382635,28.729234754161293,15329.616236667336,"Time-based exit (2 bars, optimal=2)",892.9610155770747,2024-10-10T04:00:00+02:00,2024-10-11T04:00:00+02:00,1.7135,1.6779
SUI/EUR,Short,jma,12h,"ParamA=50.0, ParamB=50.0, ATR=None",2024-10-15T05:00:00+02:00,2.0363,2024-10-16T05:00:00+02:00,1.8277,1532.9616236667337,3.065923247333467,153.97174050401986,15483.587977171355,"Time-based exit (2 bars, optimal=2)",752.817180016075,2024-10-15T05:00:00+02:00,2024-10-16T05:00:00+02:00,2.0363,1.8277
SUI/EUR,Short,jma,12h,"ParamA=50.0, ParamB=50.0, ATR=None",2024-10-16T14:00:00+02:00,1.8631,2024-10-17T14:00:00+02:00,1.8813,1548.3587977171355,3.096717595434271,-18.222116188344934,15465.36586098301,"Time-based exit (2 bars, optimal=2)",831.0658567533335,2024-10-16T14:00:00+02:00,2024-10-17T14:00:00+02:00,1.8631,1.8813
SUI/EUR,Short,jma,12h,"ParamA=50.0, ParamB=50.0, ATR=None",2024-10-17T16:00:00+02:00,1.8995,2024-10-19T01:00:00+02:00,1.9542,1546.536586098301,3.0930731721966023,-47.62876743888627,15417.737093544125,Trend flip,814.1808823892083,2024-10-17T16:00:00+02:00,2024-10-19T01:00:00+02:00,1.8995,1.9542
SUI/EUR,Short,jma,12h,"ParamA=50.0, ParamB=50.0, ATR=None",2024-10-19T02:00:00+02:00,1.9403,2024-10-20T02:00:00+02:00,1.8886,1541.7737093544124,3.0835474187088248,37.99757445606461,15455.73466800019,"Time-based exit (2 bars, optimal=2)",794.6058389704749,2024-10-19T02:00:00+02:00,2024-10-20T02:00:00+02:00,1.9403,1.8886
SUI/EUR,Short,jma,12h,"ParamA=50.0, ParamB=50.0, ATR=None",2024-10-21T04:00:00+02:00,1.9576,2024-10-22T04:00:00+02:00,1.8522,1545.573466800019,3.0911469336000383,80.12475182034454,15535.859419820536,"Time-based exit (2 bars, optimal=2)",789.5246561095316,2024-10-21T04:00:00+02:00,2024-10-22T04:00:00+02:00,1.9576,1.8522
SUI/EUR,Short,jma,12h,"ParamA=50.0, ParamB=50.0, ATR=None",2024-10-22T04:00:00+02:00,1.8522,2024-10-23T04:00:00+02:00,1.7774,1553.5859419820536,3.1071718839641074,59.63347624272716,15595.492896063262,"Time-based exit (2 bars, optimal=2)",838.7787182712739,2024-10-22T04:00:00+02:00,2024-10-23T04:00:00+02:00,1.8522,1.7774
SUI/EUR,Short,jma,12h,"ParamA=50.0, ParamB=50.0, ATR=None",2024-10-23T04:00:00+02:00,1.7774,2024-10-24T13:00:00+02:00,1.8512,1559.5492896063263,3.1190985792126527,-67.87364880591832,15527.619247257344,Trend flip,877.4329299011625,2024-10-23T04:00:00+02:00,2024-10-24T13:00:00+02:00,1.7774,1.8512
SUI/EUR,Short,jma,12h,"ParamA=50.0, ParamB=50.0, ATR=None",2024-10-24T16:00:00+02:00,1.834,2024-10-25T16:00:00+02:00,1.7578,1552.7619247257344,3.105523849451469,61.40944815932771,15589.028695416671,"Time-based exit (2 bars, optimal=2)",846.6531759682302,2024-10-24T16:00:00+02:00,2024-10-25T16:00:00+02:00,1.834,1.7578
SUI/EUR,Short,jma,12h,"ParamA=50.0, ParamB=50.0, ATR=None",2024-10-25T16:00:00+02:00,1.7578,2024-10-26T16:00:00+02:00,1.6465,1558.902869541667,3.1178057390833342,95.5884687972618,15684.617164213932,"Time-based exit (2 bars, optimal=2)",886.8488278198129,2024-10-25T16:00:00+02:00,2024-10-26T16:00:00+02:00,1.7578,1.6465
SUI/EUR,Short,jma,12h,"ParamA=50.0, ParamB=50.0, ATR=None",2024-10-26T16:00:00+02:00,1.6465,2024-10-27T15:00:00+01:00,1.6476,1568.4617164213932,3.1369234328427864,-4.1847873186996605,15680.432376895233,"Time-based exit (2 bars, optimal=2)",952.6035325972628,2024-10-26T16:00:00+02:00,2024-10-27T15:00:00+01:00,1.6465,1.6476
SUI/EUR,Short,jma,12h,"ParamA=50.0, ParamB=50.0, ATR=None",2024-10-27T19:00:00+01:00,1.6279,2024-10-28T19:00:00+01:00,1.524,1568.0432376895233,3.1360864753790465,96.94358205213572,15777.375958947368,"Time-based exit (2 bars, optimal=2)",963.2306884265148,2024-10-27T19:00:00+01:00,2024-10-28T19:00:00+01:00,1.6279,1.524
SUI/EUR,Short,jma,12h,"ParamA=50.0, ParamB=50.0, ATR=None",2024-10-31T17:00:00+01:00,1.8473,2024-11-01T17:00:00+01:00,1.83,1577.7375958947368,3.1554751917894737,11.6200677135203,15788.996026660889,"Time-based exit (2 bars, optimal=2)",854.0776245843864,2024-10-31T17:00:00+01:00,2024-11-01T17:00:00+01:00,1.8473,1.83
SUI/EUR,Short,jma,12h,"ParamA=50.0, ParamB=50.0, ATR=None",2024-11-02T04:00:00+01:00,1.808,2024-11-03T04:00:00+01:00,1.7102,1578.8996026660889,3.1577992053321777,82.24949124861895,15871.245517909507,"Time-based exit (2 bars, optimal=2)",873.2851784657571,2024-11-02T04:00:00+01:00,2024-11-03T04:00:00+01:00,1.808,1.7102
SUI/EUR,Short,jma,12h,"ParamA=50.0, ParamB=50.0, ATR=None",2024-11-03T09:00:00+01:00,1.7292,2024-11-04T09:00:00+01:00,1.7088,1587.1245517909506,3.1742491035819014,15.549635268691608,15886.795153178198,"Time-based exit (2 bars, optimal=2)",917.8374692290947,2024-11-03T09:00:00+01:00,2024-11-04T09:00:00+01:00,1.7292,1.7088
SUI/EUR,Short,jma,12h,"ParamA=50.0, ParamB=50.0, ATR=None",2024-11-04T15:00:00+01:00,1.7194,2024-11-06T00:00:00+01:00,1.8379,1588.6795153178198,3.1773590306356394,-112.66818290242912,15774.126970275769,Trend flip,923.9731972303243,2024-11-04T15:00:00+01:00,2024-11-06T00:00:00+01:00,1.7194,1.8379
SUI/EUR,Short,jma,12h,"ParamA=50.0, ParamB=50.0, ATR=None",2024-11-12T08:00:00+01:00,2.9321,2024-11-13T08:00:00+01:00,2.8047,1577.412697027577,3.154825394055154,65.38389347682701,15839.510863752595,"Time-based exit (2 bars, optimal=2)",537.9805248891842,2024-11-12T08:00:00+01:00,2024-11-13T08:00:00+01:00,2.9321,2.8047
SUI/EUR,Short,jma,12h,"ParamA=50.0, ParamB=50.0, ATR=None",2024-11-18T06:00:00+01:00,3.5756,2024-11-19T06:00:00+01:00,3.5536,1583.9510863752596,3.1679021727505194,6.577853476722602,15846.088717229319,"Time-based exit (2 bars, optimal=2)",442.9888931578643,2024-11-18T06:00:00+01:00,2024-11-19T06:00:00+01:00,3.5756,3.5536
SUI/EUR,Short,jma,12h,"ParamA=50.0, ParamB=50.0, ATR=None",2024-11-19T10:00:00+01:00,3.5093,2024-11-20T11:00:00+01:00,3.5986,1584.6088717229318,3.1692177434458637,-43.49223721879917,15802.59648001052,Trend flip,451.54557083262523,2024-11-19T10:00:00+01:00,2024-11-20T11:00:00+01:00,3.5093,3.5986
SUI/EUR,Short,jma,12h,"ParamA=50.0, ParamB=50.0, ATR=None",2024-11-20T12:00:00+01:00,3.4756,2024-11-21T12:00:00+01:00,3.3008,1580.259648001052,3.160519296002104,76.3162290267576,15878.912709037277,"Time-based exit (2 bars, optimal=2)",454.67247324233284,2024-11-20T12:00:00+01:00,2024-11-21T12:00:00+01:00,3.4756,3.3008
SUI/EUR,Short,jma,12h,"ParamA=50.0, ParamB=50.0, ATR=None",2024-11-22T01:00:00+01:00,3.3607,2024-11-23T01:00:00+01:00,3.3663,1587.8912709037277,3.1757825418074552,-5.82171675701875,15873.090992280258,"Time-based exit (2 bars, optimal=2)",472.48825271631733,2024-11-22T01:00:00+01:00,2024-11-23T01:00:00+01:00,3.3607,3.3663
SUI/EUR,Short,jma,12h,"ParamA=50.0, ParamB=50.0, ATR=None",2024-11-23T03:00:00+01:00,3.3305,2024-11-24T05:00:00+01:00,3.2972,1587.3090992280258,3.1746181984560518,12.696089804634394,15885.787082084893,"Time-based exit (2 bars, optimal=2)",476.59783793064884,2024-11-23T03:00:00+01:00,2024-11-24T05:00:00+01:00,3.3305,3.2972
SUI/EUR,Short,jma,12h,"ParamA=50.0, ParamB=50.0, ATR=None",2024-11-24T05:00:00+01:00,3.2972,2024-11-25T05:00:00+01:00,3.2567,1588.5787082084894,3.177157416416979,16.335592092998326,15902.122674177892,"Time-based exit (2 bars, optimal=2)",481.79628418309153,2024-11-24T05:00:00+01:00,2024-11-25T05:00:00+01:00,3.2972,3.2567
SUI/EUR,Short,jma,12h,"ParamA=50.0, ParamB=50.0, ATR=None",2024-11-25T12:00:00+01:00,3.255,2024-11-26T12:00:00+01:00,2.921,1590.2122674177892,3.1804245348355784,159.99343024781936,16062.116104425711,"Time-based exit (2 bars, optimal=2)",488.5444753971703,2024-11-25T12:00:00+01:00,2024-11-26T12:00:00+01:00,3.255,2.921
SUI/EUR,Short,jma,12h,"ParamA=50.0, ParamB=50.0, ATR=None",2024-11-30T07:00:00+01:00,3.2415,2024-12-01T07:00:00+01:00,3.2025,1606.211610442571,3.2124232208851424,16.112658626179424,16078.228763051891,"Time-based exit (2 bars, optimal=2)",495.51491915550554,2024-11-30T07:00:00+01:00,2024-12-01T07:00:00+01:00,3.2415,3.2025
SUI/EUR,Short,jma,12h,"ParamA=50.0, ParamB=50.0, ATR=None",2024-12-01T11:00:00+01:00,3.2041,2024-12-02T11:00:00+01:00,3.0373,1607.822876305189,3.2156457526103783,80.48488037569562,16158.713643427587,"Time-based exit (2 bars, optimal=2)",501.80171539751854,2024-12-01T11:00:00+01:00,2024-12-02T11:00:00+01:00,3.2041,3.0373
SUI/EUR,Short,jma,12h,"ParamA=50.0, ParamB=50.0, ATR=None",2024-12-08T05:00:00+01:00,4.0604,2024-12-09T05:00:00+01:00,3.9971,1615.8713643427586,3.2317427286855174,21.959040781041548,16180.672684208628,"Time-based exit (2 bars, optimal=2)",397.9586652405573,2024-12-08T05:00:00+01:00,2024-12-09T05:00:00+01:00,4.0604,3.9971
SUI/EUR,Short,jma,12h,"ParamA=50.0, ParamB=50.0, ATR=None",2024-12-09T07:00:00+01:00,3.9401,2024-12-10T07:00:00+01:00,3.5882,1618.0672684208628,3.2361345368417256,141.27742394068468,16321.950108149313,"Time-based exit (2 bars, optimal=2)",410.66654867157246,2024-12-09T07:00:00+01:00,2024-12-10T07:00:00+01:00,3.9401,3.5882
SUI/EUR,Short,jma,12h,"ParamA=50.0, ParamB=50.0, ATR=None",2024-12-10T13:00:00+01:00,3.4949,2024-12-13T01:00:00+01:00,4.486,1632.1950108149313,3.2643900216298625,-466.12984403138074,15855.820264117932,Trend flip,467.0219493590464,2024-12-10T13:00:00+01:00,2024-12-13T01:00:00+01:00,3.4949,4.486
SUI/EUR,Short,jma,12h,"ParamA=50.0, ParamB=50.0, ATR=None",2024-12-15T01:00:00+01:00,4.1906,2024-12-16T06:00:00+01:00,4.5787,1585.5820264117933,3.171164052823587,-150.0151444972511,15705.805119620682,Trend flip,378.3663500242909,2024-12-15T01:00:00+01:00,2024-12-16T06:00:00+01:00,4.1906,4.5787
SUI/EUR,Short,jma,12h,"ParamA=50.0, ParamB=50.0, ATR=None",2024-12-16T07:00:00+01:00,4.5313,2024-12-17T07:00:00+01:00,4.4729,1570.5805119620682,3.1411610239241363,17.10069051947057,15722.905810140152,"Time-based exit (2 bars, optimal=2)",346.6070469759381,2024-12-16T07:00:00+01:00,2024-12-17T07:00:00+01:00,4.5313,4.4729
SUI/EUR,Short,jma,12h,"ParamA=50.0, ParamB=50.0, ATR=None",2024-12-17T16:00:00+01:00,4.5169,2024-12-18T16:00:00+01:00,4.3636,1572.290581014015,3.14458116202803,50.21771290457698,15773.12352304473,"Time-based exit (2 bars, optimal=2)",348.09063318072464,2024-12-17T16:00:00+01:00,2024-12-18T16:00:00+01:00,4.5169,4.3636
SUI/EUR,Short,jma,12h,"ParamA=50.0, ParamB=50.0, ATR=None",2024-12-18T20:00:00+01:00,4.3567,2024-12-19T20:00:00+01:00,3.8881,1577.3123523044728,3.1546247046089455,166.49868359981318,15939.622206644543,"Time-based exit (2 bars, optimal=2)",362.04291144776386,2024-12-18T20:00:00+01:00,2024-12-19T20:00:00+01:00,4.3567,3.8881
SUI/EUR,Short,jma,12h,"ParamA=50.0, ParamB=50.0, ATR=None",2024-12-20T04:00:00+01:00,3.92,2024-12-21T10:00:00+01:00,4.5945,1593.9622206644542,3.1879244413289083,-277.45514837963873,15662.167058264904,Trend flip,406.62301547562606,2024-12-20T04:00:00+01:00,2024-12-21T10:00:00+01:00,3.92,4.5945
SUI/EUR,Short,jma,12h,"ParamA=50.0, ParamB=50.0, ATR=None",2024-12-22T14:00:00+01:00,4.2873,2024-12-23T14:00:00+01:00,4.1043,1566.2167058264904,3.132433411652981,63.720284421539816,15725.887342686443,"Time-based exit (2 bars, optimal=2)",365.31539799558936,2024-12-22T14:00:00+01:00,2024-12-23T14:00:00+01:00,4.2873,4.1043
SUI/EUR,Short,jma,12h,"ParamA=50.0, ParamB=50.0, ATR=None",2024-12-25T07:00:00+01:00,4.4136,2024-12-26T07:00:00+01:00,4.2228,1572.5887342686442,3.1451774685372884,64.8378591678721,15790.725201854315,"Time-based exit (2 bars, optimal=2)",356.30522346126617,2024-12-25T07:00:00+01:00,2024-12-26T07:00:00+01:00,4.4136,4.2228
SUI/EUR,Short,jma,12h,"ParamA=50.0, ParamB=50.0, ATR=None",2024-12-26T18:00:00+01:00,4.0368,2024-12-27T18:00:00+01:00,4.0538,1579.0725201854316,3.1581450403708633,-9.808024361405218,15780.91717749291,"Time-based exit (2 bars, optimal=2)",391.1693718255627,2024-12-26T18:00:00+01:00,2024-12-27T18:00:00+01:00,4.0368,4.0538
SUI/EUR,Short,jma,12h,"ParamA=50.0, ParamB=50.0, ATR=None",2024-12-27T19:00:00+01:00,4.0199,2024-12-28T19:00:00+01:00,4.0129,1578.0917177492909,3.1561834354985816,-0.40819417600343977,15780.508983316906,"Time-based exit (2 bars, optimal=2)",392.56989421361004,2024-12-27T19:00:00+01:00,2024-12-28T19:00:00+01:00,4.0199,4.0129
SUI/EUR,Short,jma,12h,"ParamA=50.0, ParamB=50.0, ATR=None",2024-12-29T02:00:00+01:00,3.9893,2024-12-30T02:00:00+01:00,3.9964,1578.0508983316906,3.1561017966633815,-5.9646550210773945,15774.544328295828,"Time-based exit (2 bars, optimal=2)",395.57087667803637,2024-12-29T02:00:00+01:00,2024-12-30T02:00:00+01:00,3.9893,3.9964
SOL/EUR,Short,jma,12h,"ParamA=20.0, ParamB=0.0, ATR=None",2024-08-20T23:00:00+02:00,128.67,2024-08-21T23:00:00+02:00,128.76,1577.4544328295829,3.154908865659166,-4.258281049965281,15770.286047245861,"Time-based exit (2 bars, optimal=2)",12.259690936734149,2024-08-20T23:00:00+02:00,2024-08-21T23:00:00+02:00,128.67,128.76
SOL/EUR,Short,jma,12h,"ParamA=20.0, ParamB=0.0, ATR=None",2024-08-22T00:00:00+02:00,128.07,2024-08-23T00:00:00+02:00,128.95,1577.028604724586,3.154057209449172,-13.990202849783588,15756.295844396078,"Time-based exit (2 bars, optimal=2)",12.313801864016446,2024-08-22T00:00:00+02:00,2024-08-23T00:00:00+02:00,128.07,128.95
SOL/EUR,Short,jma,12h,"ParamA=20.0, ParamB=0.0, ATR=None",2024-08-23T00:00:00+02:00,128.95,2024-08-24T06:00:00+02:00,137.65,1575.6295844396077,3.1512591688792155,-109.45585307833727,15646.83999131774,Trend flip,12.218918840167568,2024-08-23T00:00:00+02:00,2024-08-24T06:00:00+02:00,128.95,137.65
SOL/EUR,Short,jma,12h,"ParamA=20.0, ParamB=0.0, ATR=None",2024-08-26T14:00:00+02:00,142.94,2024-08-27T14:00:00+02:00,138.36,1564.683999131774,3.129367998263548,47.005322893183916,15693.845314210925,"Time-based exit (2 bars, optimal=2)",10.946439059268043,2024-08-26T14:00:00+02:00,2024-08-27T14:00:00+02:00,142.94,138.36
SOL/EUR,Short,jma,12h,"ParamA=20.0, ParamB=0.0, ATR=None",2024-08-27T22:00:00+02:00,137.8,2024-08-28T22:00:00+02:00,129.82,1569.3845314210926,3.138769062842185,87.74431192946801,15781.589626140392,"Time-based exit (2 bars, optimal=2)",11.388857267206767,2024-08-27T22:00:00+02:00,2024-08-28T22:00:00+02:00,137.8,129.82
SOL/EUR,Short,jma,12h,"ParamA=20.0, ParamB=0.0, ATR=None",2024-08-28T23:00:00+02:00,128.8,2024-08-29T23:00:00+02:00,125.88,1578.1589626140392,3.1563179252280786,32.62182004707797,15814.21144618747,"Time-based exit (2 bars, optimal=2)",12.252786976817074,2024-08-28T23:00:00+02:00,2024-08-29T23:00:00+02:00,128.8,125.88
SOL/EUR,Short,jma,12h,"ParamA=20.0, ParamB=0.0, ATR=None",2024-08-30T04:00:00+02:00,125.92,2024-08-31T04:00:00+02:00,125.09,1581.421144618747,3.162842289237494,7.261074086505495,15821.472520273976,"Time-based exit (2 bars, optimal=2)",12.558935392461459,2024-08-30T04:00:00+02:00,2024-08-31T04:00:00+02:00,125.92,125.09
SOL/EUR,Short,jma,12h,"ParamA=20.0, ParamB=0.0, ATR=None",2024-08-31T07:00:00+02:00,124.71,2024-09-01T07:00:00+02:00,119.15,1582.1472520273976,3.164294504054795,67.37326239813679,15888.845782672111,"Time-based exit (2 bars, optimal=2)",12.686610953631607,2024-08-31T07:00:00+02:00,2024-09-01T07:00:00+02:00,124.71,119.15
SOL/EUR,Short,jma,12h,"ParamA=20.0, ParamB=0.0, ATR=None",2024-09-01T10:00:00+02:00,119.13,2024-09-02T10:00:00+02:00,117.6,1588.884578267211,3.1777691565344224,17.228454336698476,15906.07423700881,"Time-based exit (2 bars, optimal=2)",13.337400975969203,2024-09-01T10:00:00+02:00,2024-09-02T10:00:00+02:00,119.13,117.6
SOL/EUR,Short,jma,12h,"ParamA=20.0, ParamB=0.0, ATR=None",2024-09-03T15:00:00+02:00,119.01,2024-09-04T15:00:00+02:00,116.97,1590.607423700881,3.1812148474017623,24.084049788761646,15930.158286797572,"Time-based exit (2 bars, optimal=2)",13.365325802040845,2024-09-03T15:00:00+02:00,2024-09-04T15:00:00+02:00,119.01,116.97
SOL/EUR,Short,jma,12h,"ParamA=20.0, ParamB=0.0, ATR=None",2024-09-05T16:00:00+02:00,119.15,2024-09-06T16:00:00+02:00,116.35,1593.0158286797573,3.1860316573595147,34.24950607074236,15964.407792868315,"Time-based exit (2 bars, optimal=2)",13.369834902893473,2024-09-05T16:00:00+02:00,2024-09-06T16:00:00+02:00,119.15,116.35
SOL/EUR,Short,jma,12h,"ParamA=20.0, ParamB=0.0, ATR=None",2024-09-07T11:00:00+02:00,115.06,2024-09-08T16:00:00+02:00,115.44,1596.4407792868315,3.192881558573663,-8.465326336332994,15955.942466531982,"Time-based exit (2 bars, optimal=2)",13.874854678314197,2024-09-07T11:00:00+02:00,2024-09-08T16:00:00+02:00,115.06,115.44
SOL/EUR,Short,jma,12h,"ParamA=20.0, ParamB=0.0, ATR=None",2024-09-11T10:00:00+02:00,118.99,2024-09-12T13:00:00+02:00,122.49,1595.5942466531983,3.1911884933063965,-50.12437500718315,15905.8180915248,Trend flip,13.409481861107642,2024-09-11T10:00:00+02:00,2024-09-12T13:00:00+02:00,118.99,122.49
SOL/EUR,Short,jma,12h,"ParamA=20.0, ParamB=0.0, ATR=None",2024-09-13T02:00:00+02:00,122.2,2024-09-14T03:00:00+02:00,125.62,1590.58180915248,3.18116361830496,-47.69662832617308,15858.121463198626,Trend flip,13.016217750838624,2024-09-13T02:00:00+02:00,2024-09-14T03:00:00+02:00,122.2,125.62
SOL/EUR,Short,jma,12h,"ParamA=20.0, ParamB=0.0, ATR=None",2024-09-15T05:00:00+02:00,124.05,2024-09-16T05:00:00+02:00,117.69,1585.8121463198627,3.1716242926397253,78.13240836027705,15936.253871558903,"Time-based exit (2 bars, optimal=2)",12.78365293284855,2024-09-15T05:00:00+02:00,2024-09-16T05:00:00+02:00,124.05,117.69
SOL/EUR,Short,jma,12h,"ParamA=20.0, ParamB=0.0, ATR=None",2024-09-16T08:00:00+02:00,117.63,2024-09-17T08:00:00+02:00,118.77,1593.6253871558904,3.187250774311781,-18.63172022392256,15917.622151334981,"Time-based exit (2 bars, optimal=2)",13.547780218956818,2024-09-16T08:00:00+02:00,2024-09-17T08:00:00+02:00,117.63,118.77
SOL/EUR,Short,jma,12h,"ParamA=20.0, ParamB=0.0, ATR=None",2024-09-17T13:00:00+02:00,118.55,2024-09-18T13:00:00+02:00,116.38,1591.762215133498,3.183524430266996,25.952907512708066,15943.57505884769,"Time-based exit (2 bars, optimal=2)",13.42692716266131,2024-09-17T13:00:00+02:00,2024-09-18T13:00:00+02:00,118.55,116.38
SOL/EUR,Short,jma,12h,"ParamA=20.0, ParamB=0.0, ATR=None",2024-09-22T03:00:00+02:00,132.48,2024-09-23T03:00:00+02:00,131.4,1594.357505884769,3.188715011769538,9.808764655769147,15953.383823503458,"Time-based exit (2 bars, optimal=2)",12.03470339586933,2024-09-22T03:00:00+02:00,2024-09-23T03:00:00+02:00,132.48,131.4
SOL/EUR,Short,jma,12h,"ParamA=20.0, ParamB=0.0, ATR=None",2024-09-23T07:00:00+02:00,131.37,2024-09-24T07:00:00+02:00,131.59,1595.338382350346,3.190676764700692,-5.862325117574821,15947.521498385884,"Time-based exit (2 bars, optimal=2)",12.14385614942792,2024-09-23T07:00:00+02:00,2024-09-24T07:00:00+02:00,131.37,131.59
SOL/EUR,Short,jma,12h,"ParamA=20.0, ParamB=0.0, ATR=None",2024-09-25T14:00:00+02:00,134.03,2024-09-26T16:00:00+02:00,137.55,1594.7521498385884,3.1895042996771767,-45.07212436557173,15902.449374020312,Trend flip,11.8984716096291,2024-09-25T14:00:00+02:00,2024-09-26T16:00:00+02:00,134.03,137.55
SOL/EUR,Short,jma,12h,"ParamA=20.0, ParamB=0.0, ATR=None",2024-09-30T08:00:00+02:00,140.25,2024-10-01T08:00:00+02:00,140.8,1590.2449374020312,3.180489874804062,-9.416744531282745,15893.03262948903,"Time-based exit (2 bars, optimal=2)",11.338644829961007,2024-09-30T08:00:00+02:00,2024-10-01T08:00:00+02:00,140.25,140.8
SOL/EUR,Short,jma,12h,"ParamA=20.0, ParamB=0.0, ATR=None",2024-10-02T00:00:00+02:00,130.72,2024-10-03T00:00:00+02:00,128.23,1589.303262948903,3.178606525897806,27.094994489576358,15920.127623978606,"Time-based exit (2 bars, optimal=2)",12.158072696977532,2024-10-02T00:00:00+02:00,2024-10-03T00:00:00+02:00,130.72,128.23
SOL/EUR,Short,jma,12h,"ParamA=20.0, ParamB=0.0, ATR=None",2024-10-03T01:00:00+02:00,127.02,2024-10-04T01:00:00+02:00,124.04,1592.0127623978606,3.184025524795721,34.165982599480834,15954.293606578087,"Time-based exit (2 bars, optimal=2)",12.53355977324721,2024-10-03T01:00:00+02:00,2024-10-04T01:00:00+02:00,127.02,124.04
SOL/EUR,Short,jma,12h,"ParamA=20.0, ParamB=0.0, ATR=None",2024-10-04T02:00:00+02:00,123.35,2024-10-05T02:00:00+02:00,131.14,1595.4293606578087,3.1908587213156174,-103.94801088608511,15850.345595692002,Trend flip,12.934165874809961,2024-10-04T02:00:00+02:00,2024-10-05T02:00:00+02:00,123.35,131.14
SOL/EUR,Short,jma,12h,"ParamA=20.0, ParamB=0.0, ATR=None",2024-10-07T20:00:00+02:00,132.86,2024-10-08T20:00:00+02:00,130.3,1585.0345595692002,3.1700691191384003,27.371015274186572,15877.716610966188,"Time-based exit (2 bars, optimal=2)",11.930111091142557,2024-10-07T20:00:00+02:00,2024-10-08T20:00:00+02:00,132.86,130.3
SOL/EUR,Short,jma,12h,"ParamA=20.0, ParamB=0.0, ATR=None",2024-10-09T00:00:00+02:00,130.53,2024-10-10T00:00:00+02:00,127.26,1587.7716610966188,3.1755433221932376,36.60085545039496,15914.317466416584,"Time-based exit (2 bars, optimal=2)",12.164036321892429,2024-10-09T00:00:00+02:00,2024-10-10T00:00:00+02:00,130.53,127.26
SOL/EUR,Short,jma,12h,"ParamA=20.0, ParamB=0.0, ATR=None",2024-10-10T09:00:00+02:00,127.7,2024-10-11T11:00:00+02:00,129.88,1591.4317466416583,3.1828634932833166,-30.35060983375946,15883.966856582823,Trend flip,12.462268963521208,2024-10-10T09:00:00+02:00,2024-10-11T11:00:00+02:00,127.7,129.88
SOL/EUR,Short,jma,12h,"ParamA=20.0, ParamB=0.0, ATR=None",2024-10-17T04:00:00+02:00,141.55,2024-10-18T04:00:00+02:00,141.13,1588.3966856582824,3.176793371316565,1.5362169287647056,15885.503073511589,"Time-based exit (2 bars, optimal=2)",11.22145309543117,2024-10-17T04:00:00+02:00,2024-10-18T04:00:00+02:00,141.55,141.13
SOL/EUR,Short,jma,12h,"ParamA=20.0, ParamB=0.0, ATR=None",2024-10-19T02:00:00+02:00,142.18,2024-10-20T05:00:00+02:00,146.17,1588.5503073511588,3.1771006147023177,-47.75661760957567,15837.746455902014,Trend flip,11.172811276910668,2024-10-19T02:00:00+02:00,2024-10-20T05:00:00+02:00,142.18,146.17
SOL/EUR,Short,jma,12h,"ParamA=20.0, ParamB=0.0, ATR=None",2024-10-25T17:00:00+02:00,159.76,2024-10-26T17:00:00+02:00,156.29,1583.7746455902013,3.1675492911804026,31.23216290334887,15868.978618805362,"Time-based exit (2 bars, optimal=2)",9.913461727530054,2024-10-25T17:00:00+02:00,2024-10-26T17:00:00+02:00,159.76,156.29
SOL/EUR,Short,jma,12h,"ParamA=20.0, ParamB=0.0, ATR=None",2024-10-30T01:00:00+01:00,164.45,2024-10-31T01:00:00+01:00,161.53,1586.8978618805363,3.1737957237610726,25.00341167478649,15893.982030480149,"Time-based exit (2 bars, optimal=2)",9.649728561146466,2024-10-30T01:00:00+01:00,2024-10-31T01:00:00+01:00,164.45,161.53
SOL/EUR,Short,jma,12h,"ParamA=20.0, ParamB=0.0, ATR=None",2024-10-31T04:00:00+01:00,160.64,2024-11-01T04:00:00+01:00,153.59,1589.398203048015,3.17879640609603,66.57504654390696,15960.557077024056,"Time-based exit (2 bars, optimal=2)",9.894162120567822,2024-10-31T04:00:00+01:00,2024-11-01T04:00:00+01:00,160.64,153.59
SOL/EUR,Short,jma,12h,"ParamA=20.0, ParamB=0.0, ATR=None",2024-11-01T06:00:00+01:00,153.56,2024-11-02T06:00:00+01:00,154.06,1596.0557077024055,3.192111415404811,-8.388958601203214,15952.168118422853,"Time-based exit (2 bars, optimal=2)",10.393694371596805,2024-11-01T06:00:00+01:00,2024-11-02T06:00:00+01:00,153.56,154.06
SOL/EUR,Short,jma,12h,"ParamA=20.0, ParamB=0.0, ATR=None",2024-11-02T09:00:00+01:00,153.97,2024-11-03T09:00:00+01:00,151.55,1595.2168118422853,3.1904336236845707,21.8821434020887,15974.050261824941,"Time-based exit (2 bars, optimal=2)",10.360569018914628,2024-11-02T09:00:00+01:00,2024-11-03T09:00:00+01:00,153.97,151.55
SOL/EUR,Short,jma,12h,"ParamA=20.0, ParamB=0.0, ATR=None",2024-11-03T10:00:00+01:00,150.73,2024-11-04T10:00:00+01:00,148.54,1597.405026182494,3.1948100523649883,20.014352074216703,15994.064613899158,"Time-based exit (2 bars, optimal=2)",10.59779092537978,2024-11-03T10:00:00+01:00,2024-11-04T10:00:00+01:00,150.73,148.54
SOL/EUR,Short,jma,12h,"ParamA=20.0, ParamB=0.0, ATR=None",2024-11-04T14:00:00+01:00,149.82,2024-11-05T14:00:00+01:00,150.33,1599.4064613899159,3.198812922779832,-8.64332830997038,15985.421285589187,"Time-based exit (2 bars, optimal=2)",10.675520367039887,2024-11-04T14:00:00+01:00,2024-11-05T14:00:00+01:00,149.82,150.33
SOL/EUR,Short,jma,12h,"ParamA=20.0, ParamB=0.0, ATR=None",2024-11-12T01:00:00+01:00,204.95,2024-11-13T01:00:00+01:00,196.25,1598.5421285589186,3.1970842571178375,64.6600346424312,16050.081320231619,"Time-based exit (2 bars, optimal=2)",7.799668839028635,2024-11-12T01:00:00+01:00,2024-11-13T01:00:00+01:00,204.95,196.25
SOL/EUR,Short,jma,12h,"ParamA=20.0, ParamB=0.0, ATR=None",2024-11-14T19:00:00+01:00,203.28,2024-11-15T19:00:00+01:00,199.68,1605.0081320231618,3.210016264046324,25.213976628925796,16075.295296860544,"Time-based exit (2 bars, optimal=2)",7.895553581381158,2024-11-14T19:00:00+01:00,2024-11-15T19:00:00+01:00,203.28,199.68
SOL/EUR,Short,jma,12h,"ParamA=20.0, ParamB=0.0, ATR=None",2024-11-16T14:00:00+01:00,205.9,2024-11-17T20:00:00+01:00,222.39,1607.5295296860545,3.215059059372109,-131.95795339896904,15943.337343461575,Trend flip,7.8073313729288705,2024-11-16T14:00:00+01:00,2024-11-17T20:00:00+01:00,205.9,222.39
SOL/EUR,Short,jma,12h,"ParamA=20.0, ParamB=0.0, ATR=None",2024-11-19T13:00:00+01:00,232.01,2024-11-20T13:00:00+01:00,224.26,1594.3337343461576,3.1886674686923153,50.06803026495158,15993.405373726526,"Time-based exit (2 bars, optimal=2)",6.871831965631471,2024-11-19T13:00:00+01:00,2024-11-20T13:00:00+01:00,232.01,224.26
SOL/EUR,Short,jma,12h,"ParamA=20.0, ParamB=0.0, ATR=None",2024-11-20T13:00:00+01:00,224.26,2024-11-21T13:00:00+01:00,229.83,1599.3405373726525,3.198681074745305,-42.92188981979886,15950.483483906726,Trend flip,7.1316353222717055,2024-11-20T13:00:00+01:00,2024-11-21T13:00:00+01:00,224.26,229.83
SOL/EUR,Short,jma,12h,"ParamA=20.0, ParamB=0.0, ATR=None",2024-11-24T05:00:00+01:00,245.27,2024-11-25T05:00:00+01:00,240.86,1595.0483483906726,3.190096696781345,25.489167854133402,15975.97265176086,"Time-based exit (2 bars, optimal=2)",6.503234592044166,2024-11-24T05:00:00+01:00,2024-11-25T05:00:00+01:00,245.27,240.86
SOL/EUR,Short,jma,12h,"ParamA=20.0, ParamB=0.0, ATR=None",2024-11-25T07:00:00+01:00,240.36,2024-11-26T07:00:00+01:00,227.61,1597.597265176086,3.1951945303521723,81.5500423268416,16057.522694087702,"Time-based exit (2 bars, optimal=2)",6.646685243701472,2024-11-25T07:00:00+01:00,2024-11-26T07:00:00+01:00,240.36,227.61
SOL/EUR,Short,jma,12h,"ParamA=20.0, ParamB=0.0, ATR=None",2024-11-26T08:00:00+01:00,224.94,2024-11-27T08:00:00+01:00,223.53,1605.7522694087702,3.2115045388175405,6.8538937890314875,16064.376587876734,"Time-based exit (2 bars, optimal=2)",7.13858037436103,2024-11-26T08:00:00+01:00,2024-11-27T08:00:00+01:00,224.94,223.53
SOL/EUR,Short,jma,12h,"ParamA=20.0, ParamB=0.0, ATR=None",2024-11-28T03:00:00+01:00,229.4,2024-11-29T03:00:00+01:00,228.4,1606.4376587876734,3.212875317575347,3.789904363277632,16068.16649224001,"Time-based exit (2 bars, optimal=2)",7.002779680852979,2024-11-28T03:00:00+01:00,2024-11-29T03:00:00+01:00,229.4,228.4
SOL/EUR,Short,jma,12h,"ParamA=20.0, ParamB=0.0, ATR=None",2024-11-30T07:00:00+01:00,228.93,2024-12-01T07:00:00+01:00,222.73,1606.8166492240011,3.2136332984480025,40.303001590770684,16108.46949383078,"Time-based exit (2 bars, optimal=2)",7.018812078906221,2024-11-30T07:00:00+01:00,2024-12-01T07:00:00+01:00,228.93,222.73
SOL/EUR,Short,jma,12h,"ParamA=20.0, ParamB=0.0, ATR=None",2024-12-01T08:00:00+01:00,222.5,2024-12-02T08:00:00+01:00,217.61,1610.846949383078,3.2216938987661563,32.18074017981016,16140.65023401059,"Time-based exit (2 bars, optimal=2)",7.239761570261025,2024-12-01T08:00:00+01:00,2024-12-02T08:00:00+01:00,222.5,217.61
SOL/EUR,Short,jma,12h,"ParamA=20.0, ParamB=0.0, ATR=None",2024-12-02T09:00:00+01:00,214.85,2024-12-03T09:00:00+01:00,215.9,1614.065023401059,3.2281300468021183,-11.116276542362419,16129.533957468228,"Time-based exit (2 bars, optimal=2)",7.512520471962109,2024-12-02T09:00:00+01:00,2024-12-03T09:00:00+01:00,214.85,215.9
SOL/EUR,Short,jma,12h,"ParamA=20.0, ParamB=0.0, ATR=None",2024-12-04T17:00:00+01:00,214.52,2024-12-05T23:00:00+01:00,222.77,1612.9533957468227,3.2259067914936455,-65.25679209314984,16064.277165375077,Trend flip,7.518895188079538,2024-12-04T17:00:00+01:00,2024-12-05T23:00:00+01:00,214.52,222.77
SOL/EUR,Short,jma,12h,"ParamA=20.0, ParamB=0.0, ATR=None",2024-12-06T04:00:00+01:00,228.57,2024-12-07T04:00:00+01:00,222.25,1606.4277165375076,3.212855433075015,41.205148541711864,16105.48231391679,"Time-based exit (2 bars, optimal=2)",7.028165185884008,2024-12-06T04:00:00+01:00,2024-12-07T04:00:00+01:00,228.57,222.25
SOL/EUR,Short,jma,12h,"ParamA=20.0, ParamB=0.0, ATR=None",2024-12-08T05:00:00+01:00,224.86,2024-12-09T05:00:00+01:00,220.68,1610.5482313916789,3.221096462783358,26.717939413838668,16132.200253330628,"Time-based exit (2 bars, optimal=2)",7.1624487743114775,2024-12-08T05:00:00+01:00,2024-12-09T05:00:00+01:00,224.86,220.68
SOL/EUR,Short,jma,12h,"ParamA=20.0, ParamB=0.0, ATR=None",2024-12-09T07:00:00+01:00,218.52,2024-12-10T07:00:00+01:00,206.68,1613.2200253330627,3.2264400506661257,84.18215000948155,16216.382403340109,"Time-based exit (2 bars, optimal=2)",7.3824822685935505,2024-12-09T07:00:00+01:00,2024-12-10T07:00:00+01:00,218.52,206.68
SOL/EUR,Short,jma,12h,"ParamA=20.0, ParamB=0.0, ATR=None",2024-12-10T12:00:00+01:00,205.57,2024-12-11T20:00:00+01:00,218.61,1621.6382403340108,3.2432764806680217,-106.10927178132246,16110.273131558786,Trend flip,7.888496572136065,2024-12-10T12:00:00+01:00,2024-12-11T20:00:00+01:00,205.57,218.61
SOL/EUR,Short,jma,12h,"ParamA=20.0, ParamB=0.0, ATR=None",2024-12-13T19:00:00+01:00,211.49,2024-12-14T19:00:00+01:00,207.16,1611.0273131558786,3.222054626311757,29.76176619720224,16140.034897755988,"Time-based exit (2 bars, optimal=2)",7.617510582797666,2024-12-13T19:00:00+01:00,2024-12-14T19:00:00+01:00,211.49,207.16
SOL/EUR,Short,jma,12h,"ParamA=20.0, ParamB=0.0, ATR=None",2024-12-15T04:00:00+01:00,208.63,2024-12-16T04:00:00+01:00,210.09,1614.0034897755988,3.2280069795511976,-14.522859565815816,16125.512038190172,"Time-based exit (2 bars, optimal=2)",7.7362004015510655,2024-12-15T04:00:00+01:00,2024-12-16T04:00:00+01:00,208.63,210.09
SOL/EUR,Short,jma,12h,"ParamA=20.0, ParamB=0.0, ATR=None",2024-12-16T09:00:00+01:00,209.08,2024-12-17T09:00:00+01:00,206.88,1612.5512038190172,3.2251024076380346,13.742625966199084,16139.254664156371,"Time-based exit (2 bars, optimal=2)",7.712603806289541,2024-12-16T09:00:00+01:00,2024-12-17T09:00:00+01:00,209.08,206.88
SOL/EUR,Short,jma,12h,"ParamA=20.0, ParamB=0.0, ATR=None",2024-12-18T13:00:00+01:00,206.45,2024-12-19T13:00:00+01:00,199.78,1613.9254664156372,3.2278509328312746,48.914957790793245,16188.169621947165,"Time-based exit (2 bars, optimal=2)",7.817512552267558,2024-12-18T13:00:00+01:00,2024-12-19T13:00:00+01:00,206.45,199.78
SOL/EUR,Short,jma,12h,"ParamA=20.0, ParamB=0.0, ATR=None",2024-12-19T13:00:00+01:00,199.78,2024-12-20T13:00:00+01:00,176.89,1618.8169621947166,3.237633924389433,182.23999278817985,16370.409614735345,"Time-based exit (2 bars, optimal=2)",8.102998108893365,2024-12-19T13:00:00+01:00,2024-12-20T13:00:00+01:00,199.78,176.89
SOL/EUR,Short,jma,12h,"ParamA=20.0, ParamB=0.0, ATR=None",2024-12-20T19:00:00+01:00,183.0,2024-12-21T19:00:00+01:00,175.32,1637.0409614735345,3.2740819229470692,65.42796498479476,16435.83757972014,"Time-based exit (2 bars, optimal=2)",8.945579024445543,2024-12-20T19:00:00+01:00,2024-12-21T19:00:00+01:00,183.0,175.32
SOL/EUR,Short,jma,12h,"ParamA=20.0, ParamB=0.0, ATR=None",2024-12-22T05:00:00+01:00,173.0,2024-12-23T07:00:00+01:00,173.31,1643.5837579720142,3.2871675159440286,-6.232317602483498,16429.605262117657,"Time-based exit (2 bars, optimal=2)",9.50048415012725,2024-12-22T05:00:00+01:00,2024-12-23T07:00:00+01:00,173.0,173.31
SOL/EUR,Short,jma,12h,"ParamA=20.0, ParamB=0.0, ATR=None",2024-12-23T07:00:00+01:00,173.31,2024-12-24T08:00:00+01:00,184.05,1642.9605262117657,3.2859210524235314,-105.09998862794934,16324.505273489707,Trend flip,9.479894560104816,2024-12-23T07:00:00+01:00,2024-12-24T08:00:00+01:00,173.31,184.05
SOL/EUR,Short,jma,12h,"ParamA=20.0, ParamB=0.0, ATR=None",2024-12-26T01:00:00+01:00,189.22,2024-12-27T01:00:00+01:00,181.3,1632.4505273489708,3.264901054697942,65.0630144753931,16389.5682879651,"Time-based exit (2 bars, optimal=2)",8.627262061880197,2024-12-26T01:00:00+01:00,2024-12-27T01:00:00+01:00,189.22,181.3
SOL/EUR,Short,jma,12h,"ParamA=20.0, ParamB=0.0, ATR=None",2024-12-27T21:00:00+01:00,178.26,2024-12-28T22:00:00+01:00,186.08,1638.9568287965099,3.27791365759302,-75.17650224274249,16314.391785722357,Trend flip,9.194192913701952,2024-12-27T21:00:00+01:00,2024-12-28T22:00:00+01:00,178.26,186.08
LUNC/USDT,Long,jma,12h,"ParamA=20.0, ParamB=50.0, ATR=None",2024-08-19T16:00:00+02:00,7.709e-05,2024-08-21T16:00:00+02:00,8.059e-05,1631.4391785722357,3.2628783571444715,70.80687290764774,16385.198658630005,"Time-based exit (4 bars, optimal=4)",21162786.075654894,2024-08-19T16:00:00+02:00,2024-08-21T16:00:00+02:00,7.709e-05,8.059e-05
LUNC/USDT,Long,jma,12h,"ParamA=20.0, ParamB=50.0, ATR=None",2024-08-21T23:00:00+02:00,8.483e-05,2024-08-23T23:00:00+02:00,9.126e-05,1638.5198658630004,3.277039731726001,120.92056415250245,16506.11922278251,"Time-based exit (4 bars, optimal=4)",19315334.97421903,2024-08-21T23:00:00+02:00,2024-08-23T23:00:00+02:00,8.483e-05,9.126e-05
LUNC/USDT,Long,jma,12h,"ParamA=20.0, ParamB=50.0, ATR=None",2024-08-23T23:00:00+02:00,9.126e-05,2024-08-25T23:00:00+02:00,9.383e-05,1650.6119222782509,3.301223844556502,43.18214937761203,16549.30137216012,"Time-based exit (4 bars, optimal=4)",18086915.650649253,2024-08-23T23:00:00+02:00,2024-08-25T23:00:00+02:00,9.126e-05,9.383e-05
LUNC/USDT,Long,jma,12h,"ParamA=20.0, ParamB=50.0, ATR=None",2024-09-02T16:00:00+02:00,7.717e-05,2024-09-04T16:00:00+02:00,7.658e-05,1654.930137216012,3.3098602744320242,-15.962559263124977,16533.338812896996,"Time-based exit (4 bars, optimal=4)",21445252.52320866,2024-09-02T16:00:00+02:00,2024-09-04T16:00:00+02:00,7.717e-05,7.658e-05
LUNC/USDT,Long,jma,12h,"ParamA=20.0, ParamB=50.0, ATR=None",2024-09-04T22:00:00+02:00,7.681e-05,2024-09-07T11:00:00+02:00,7.517e-05,1653.3338812896995,3.306667762579399,-38.60763853871681,16494.73117435828,Trend flip,21524982.180571534,2024-09-04T22:00:00+02:00,2024-09-07T11:00:00+02:00,7.681e-05,7.517e-05
LUNC/USDT,Long,jma,12h,"ParamA=20.0, ParamB=50.0, ATR=None",2024-09-07T13:00:00+02:00,7.549e-05,2024-09-09T13:00:00+02:00,7.933e-05,1649.473117435828,3.2989462348716563,80.6058990552805,16575.33707341356,"Time-based exit (4 bars, optimal=4)",21850220.127643768,2024-09-07T13:00:00+02:00,2024-09-09T13:00:00+02:00,7.549e-05,7.933e-05
LUNC/USDT,Long,jma,12h,"ParamA=20.0, ParamB=50.0, ATR=None",2024-09-09T15:00:00+02:00,7.934e-05,2024-09-11T15:00:00+02:00,8.161e-05,1657.5337073413561,3.315067414682712,44.10869759243708,16619.445771005998,"Time-based exit (4 bars, optimal=4)",20891526.434854504,2024-09-09T15:00:00+02:00,2024-09-11T15:00:00+02:00,7.934e-05,8.161e-05
LUNC/USDT,Long,jma,12h,"ParamA=20.0, ParamB=50.0, ATR=None",2024-09-11T17:00:00+02:00,8.282e-05,2024-09-13T17:00:00+02:00,8.532e-05,1661.9445771005999,3.3238891542011997,46.843479147555755,16666.289250153553,"Time-based exit (4 bars, optimal=4)",20066947.320702728,2024-09-11T17:00:00+02:00,2024-09-13T17:00:00+02:00,8.282e-05,8.532e-05
LUNC/USDT,Long,jma,12h,"ParamA=20.0, ParamB=50.0, ATR=None",2024-09-13T23:00:00+02:00,8.528e-05,2024-09-15T23:00:00+02:00,8.426e-05,1666.6289250153554,3.333257850030711,-23.26714039594609,16643.022109757607,Trend flip,19543022.103838596,2024-09-13T23:00:00+02:00,2024-09-15T23:00:00+02:00,8.528e-05,8.426e-05
LUNC/USDT,Long,jma,12h,"ParamA=20.0, ParamB=50.0, ATR=None",2024-09-18T14:00:00+02:00,8.038e-05,2024-09-20T14:00:00+02:00,8.7e-05,1664.3022109757608,3.3286044219515216,133.74132138869214,16776.7634311463,"Time-based exit (4 bars, optimal=4)",20705426.859613843,2024-09-18T14:00:00+02:00,2024-09-20T14:00:00+02:00,8.038e-05,8.7e-05
LUNC/USDT,Long,jma,12h,"ParamA=20.0, ParamB=50.0, ATR=None",2024-09-20T20:00:00+02:00,8.479e-05,2024-09-22T20:00:00+02:00,8.36e-05,1677.67634311463,3.3553526862292604,-26.900993071963683,16749.86243807434,Trend flip,19786252.42498679,2024-09-20T20:00:00+02:00,2024-09-22T20:00:00+02:00,8.479e-05,8.36e-05
LUNC/USDT,Long,jma,12h,"ParamA=20.0, ParamB=50.0, ATR=None",2024-09-23T08:00:00+02:00,8.555e-05,2024-09-25T08:00:00+02:00,8.726e-05,1674.9862438074338,3.3499724876148678,30.130173355876703,16779.992611430214,"Time-based exit (4 bars, optimal=4)",19579032.657012668,2024-09-23T08:00:00+02:00,2024-09-25T08:00:00+02:00,8.555e-05,8.726e-05
LUNC/USDT,Long,jma,12h,"ParamA=20.0, ParamB=50.0, ATR=None",2024-09-25T12:00:00+02:00,8.751e-05,2024-09-27T12:00:00+02:00,9.084e-05,1677.9992611430214,3.355998522286043,60.496561637767435,16840.48917306798,"Time-based exit (4 bars, optimal=4)",19174942.99100699,2024-09-25T12:00:00+02:00,2024-09-27T12:00:00+02:00,8.751e-05,9.084e-05
LUNC/USDT,Long,jma,12h,"ParamA=20.0, ParamB=50.0, ATR=None",2024-09-27T14:00:00+02:00,9.219e-05,2024-09-29T14:00:00+02:00,0.00010814,1684.048917306798,3.368097834613596,287.99300674336064,17128.48217981134,"Time-based exit (4 bars, optimal=4)",18267153.89203599,2024-09-27T14:00:00+02:00,2024-09-29T14:00:00+02:00,9.219e-05,0.00010814
LUNC/USDT,Long,jma,12h,"ParamA=20.0, ParamB=50.0, ATR=None",2024-10-01T02:00:00+02:00,9.322e-05,2024-10-03T06:00:00+02:00,8.6e-05,1712.848217981134,3.425696435962268,-136.08783046110486,16992.394349350237,Trend flip,18374256.790185947,2024-10-01T02:00:00+02:00,2024-10-03T06:00:00+02:00,9.322e-05,8.6e-05
LUNC/USDT,Long,jma,12h,"ParamA=20.0, ParamB=50.0, ATR=None",2024-10-04T14:00:00+02:00,8.677e-05,2024-10-06T14:00:00+02:00,8.971e-05,1699.2394349350238,3.398478869870048,54.17630433525829,17046.570653685496,"Time-based exit (4 bars, optimal=4)",19583259.593581006,2024-10-04T14:00:00+02:00,2024-10-06T14:00:00+02:00,8.677e-05,8.971e-05
LUNC/USDT,Long,jma,12h,"ParamA=20.0, ParamB=50.0, ATR=None",2024-10-06T16:00:00+02:00,9e-05,2024-10-08T17:00:00+02:00,8.588e-05,1704.6570653685496,3.4093141307370995,-81.44472645649752,16965.125927228997,Trend flip,18940634.05965055,2024-10-06T16:00:00+02:00,2024-10-08T17:00:00+02:00,9e-05,8.588e-05
LUNC/USDT,Long,jma,12h,"ParamA=20.0, ParamB=50.0, ATR=None",2024-10-11T11:00:00+02:00,8.603e-05,2024-10-13T11:00:00+02:00,8.88e-05,1696.5125927228996,3.3930251854457993,51.23140677831609,17016.357334007313,"Time-based exit (4 bars, optimal=4)",19720011.539264206,2024-10-11T11:00:00+02:00,2024-10-13T11:00:00+02:00,8.603e-05,8.88e-05
LUNC/USDT,Long,jma,12h,"ParamA=20.0, ParamB=50.0, ATR=None",2024-10-13T11:00:00+02:00,8.88e-05,2024-10-15T11:00:00+02:00,9.058e-05,1701.6357334007312,3.4032714668014625,30.706093459474445,17047.063427466786,"Time-based exit (4 bars, optimal=4)",19162564.56532355,2024-10-13T11:00:00+02:00,2024-10-15T11:00:00+02:00,8.88e-05,9.058e-05
LUNC/USDT,Long,jma,12h,"ParamA=20.0, ParamB=50.0, ATR=None",2024-10-15T15:00:00+02:00,9.152e-05,2024-10-17T19:00:00+02:00,8.868e-05,1704.7063427466787,3.4094126854933577,-56.30895391583184,16990.754473550955,Trend flip,18626599.02476703,2024-10-15T15:00:00+02:00,2024-10-17T19:00:00+02:00,9.152e-05,8.868e-05
LUNC/USDT,Long,jma,12h,"ParamA=20.0, ParamB=50.0, ATR=None",2024-10-18T15:00:00+02:00,8.998e-05,2024-10-20T15:00:00+02:00,9.057e-05,1699.0754473550955,3.398150894710191,7.742708340003011,16998.497181890958,"Time-based exit (4 bars, optimal=4)",18882812.262226,2024-10-18T15:00:00+02:00,2024-10-20T15:00:00+02:00,8.998e-05,9.057e-05
LUNC/USDT,Long,jma,12h,"ParamA=20.0, ParamB=50.0, ATR=None",2024-10-20T15:00:00+02:00,9.057e-05,2024-10-22T15:00:00+02:00,9.265e-05,1699.8497181890957,3.3996994363781914,35.63847450458826,17034.135656395545,"Time-based exit (4 bars, optimal=4)",18768352.856233805,2024-10-20T15:00:00+02:00,2024-10-22T15:00:00+02:00,9.057e-05,9.265e-05
LUNC/USDT,Long,jma,12h,"ParamA=20.0, ParamB=50.0, ATR=None",2024-10-22T16:00:00+02:00,9.323e-05,2024-10-24T16:00:00+02:00,8.925e-05,1703.4135656395545,3.406827131279109,-76.12575871172989,16958.009897683816,Trend flip,18271088.33679668,2024-10-22T16:00:00+02:00,2024-10-24T16:00:00+02:00,9.323e-05,8.925e-05
LUNC/USDT,Long,jma,12h,"ParamA=20.0, ParamB=50.0, ATR=None",2024-10-24T17:00:00+02:00,8.951e-05,2024-10-27T03:00:00+01:00,8.78e-05,1695.8009897683817,3.3916019795367633,-35.78820227563692,16922.221695408178,Trend flip,18945380.2901171,2024-10-24T17:00:00+02:00,2024-10-27T03:00:00+01:00,8.951e-05,8.78e-05
LUNC/USDT,Long,jma,12h,"ParamA=20.0, ParamB=50.0, ATR=None",2024-10-27T04:00:00+01:00,8.818e-05,2024-10-29T04:00:00+01:00,9.288e-05,1692.2221695408177,3.3844443390816354,86.81111244070803,17009.032807848886,"Time-based exit (4 bars, optimal=4)",19190543.995699905,2024-10-27T04:00:00+01:00,2024-10-29T04:00:00+01:00,8.818e-05,9.288e-05
LUNC/USDT,Long,jma,12h,"ParamA=20.0, ParamB=50.0, ATR=None",2024-10-29T11:00:00+01:00,9.261e-05,2024-10-31T11:00:00+01:00,9.656e-05,1700.9032807848885,3.401806561569777,69.1450885804269,17078.17789642931,"Time-based exit (4 bars, optimal=4)",18366302.56759409,2024-10-29T11:00:00+01:00,2024-10-31T11:00:00+01:00,9.261e-05,9.656e-05
LUNC/USDT,Long,jma,12h,"ParamA=20.0, ParamB=50.0, ATR=None",2024-11-05T13:00:00+01:00,8.453e-05,2024-11-07T13:00:00+01:00,9.388e-05,1707.817789642931,3.4156355792858624,185.48885197733782,17263.66674840665,"Time-based exit (4 bars, optimal=4)",20203688.50872981,2024-11-05T13:00:00+01:00,2024-11-07T13:00:00+01:00,8.453e-05,9.388e-05
LUNC/USDT,Long,jma,12h,"ParamA=20.0, ParamB=50.0, ATR=None",2024-11-07T13:00:00+01:00,9.388e-05,2024-11-09T13:00:00+01:00,9.558e-05,1726.366674840665,3.45273334968133,27.80869983341551,17291.475448240064,"Time-based exit (4 bars, optimal=4)",18389078.342998136,2024-11-07T13:00:00+01:00,2024-11-09T13:00:00+01:00,9.388e-05,9.558e-05
LUNC/USDT,Long,jma,12h,"ParamA=20.0, ParamB=50.0, ATR=None",2024-11-09T13:00:00+01:00,9.558e-05,2024-11-11T13:00:00+01:00,0.00010039,1729.1475448240064,3.458295089648013,83.55990631863274,17375.035354558695,"Time-based exit (4 bars, optimal=4)",18091102.163883723,2024-11-09T13:00:00+01:00,2024-11-11T13:00:00+01:00,9.558e-05,0.00010039
LUNC/USDT,Long,jma,12h,"ParamA=20.0, ParamB=50.0, ATR=None",2024-11-11T16:00:00+01:00,0.00010105,2024-11-13T16:00:00+01:00,0.00010286,1737.5035354558695,3.475007070911739,27.64702557802562,17402.68238013672,"Time-based exit (4 bars, optimal=4)",17194493.176208504,2024-11-11T16:00:00+01:00,2024-11-13T16:00:00+01:00,0.00010105,0.00010286
LUNC/USDT,Long,jma,12h,"ParamA=20.0, ParamB=50.0, ATR=None",2024-11-15T17:00:00+01:00,9.918e-05,2024-11-17T17:00:00+01:00,0.00011167,1740.268238013672,3.480536476027344,215.67605046479525,17618.358430601515,"Time-based exit (4 bars, optimal=4)",17546564.206631098,2024-11-15T17:00:00+01:00,2024-11-17T17:00:00+01:00,9.918e-05,0.00011167
LUNC/USDT,Long,jma,12h,"ParamA=20.0, ParamB=50.0, ATR=None",2024-11-18T13:00:00+01:00,0.00010934,2024-11-20T16:00:00+01:00,0.00010825,1761.8358430601515,3.523671686120303,-21.087244659739746,17597.271185941776,"Time-based exit (4 bars, optimal=4)",16113369.700568426,2024-11-18T13:00:00+01:00,2024-11-20T16:00:00+01:00,0.00010934,0.00010825
LUNC/USDT,Long,jma,12h,"ParamA=20.0, ParamB=50.0, ATR=None",2024-11-21T17:00:00+01:00,0.0001094,2024-11-23T17:00:00+01:00,0.00011733,1759.7271185941777,3.5194542371883553,124.03663397535122,17721.30781991713,"Time-based exit (4 bars, optimal=4)",16085257.02554093,2024-11-21T17:00:00+01:00,2024-11-23T17:00:00+01:00,0.0001094,0.00011733
LUNC/USDT,Long,jma,12h,"ParamA=20.0, ParamB=50.0, ATR=None",2024-11-23T20:00:00+01:00,0.00012119,2024-11-25T20:00:00+01:00,0.00012083,1772.1307819917129,3.544261563983426,-8.80845070101637,17712.49936921611,"Time-based exit (4 bars, optimal=4)",14622747.602869155,2024-11-23T20:00:00+01:00,2024-11-25T20:00:00+01:00,0.00012119,0.00012083
LUNC/USDT,Long,jma,12h,"ParamA=20.0, ParamB=50.0, ATR=None",2024-11-27T14:00:00+01:00,0.00011786,2024-11-29T14:00:00+01:00,0.00012354,1771.2499369216112,3.5424998738432225,81.81894286936694,17794.318312085477,"Time-based exit (4 bars, optimal=4)",15028423.018170806,2024-11-27T14:00:00+01:00,2024-11-29T14:00:00+01:00,0.00011786,0.00012354
LUNC/USDT,Long,jma,12h,"ParamA=20.0, ParamB=50.0, ATR=None",2024-11-29T18:00:00+01:00,0.00012439,2024-12-01T18:00:00+01:00,0.00013317,1779.4318312085477,3.5588636624170955,122.0413572396736,17916.35966932515,"Time-based exit (4 bars, optimal=4)",14305264.339645853,2024-11-29T18:00:00+01:00,2024-12-01T18:00:00+01:00,0.00012439,0.00013317
LUNC/USDT,Long,jma,12h,"ParamA=20.0, ParamB=50.0, ATR=None",2024-12-01T22:00:00+01:00,0.00013182,2024-12-03T22:00:00+01:00,0.00015736,1791.635966932515,3.58327193386503,343.54449771760244,18259.90416704275,"Time-based exit (4 bars, optimal=4)",13591533.659023782,2024-12-01T22:00:00+01:00,2024-12-03T22:00:00+01:00,0.00013182,0.00015736
LUNC/USDT,Long,jma,12h,"ParamA=20.0, ParamB=50.0, ATR=None",2024-12-03T23:00:00+01:00,0.00016233,2024-12-05T23:00:00+01:00,0.00016732,1825.990416704275,3.65198083340855,52.47869235918873,18312.38285940194,"Time-based exit (4 bars, optimal=4)",11248631.902324123,2024-12-03T23:00:00+01:00,2024-12-05T23:00:00+01:00,0.00016233,0.00016732
LUNC/USDT,Long,jma,12h,"ParamA=20.0, ParamB=50.0, ATR=None",2024-12-06T14:00:00+01:00,0.0001612,2024-12-08T14:00:00+01:00,0.00016246,1831.238285940194,3.6624765718803878,10.65117256139933,18323.03403196334,"Time-based exit (4 bars, optimal=4)",11360038.994666217,2024-12-06T14:00:00+01:00,2024-12-08T14:00:00+01:00,0.0001612,0.00016246
LUNC/USDT,Long,jma,12h,"ParamA=20.0, ParamB=50.0, ATR=None",2024-12-11T13:00:00+01:00,0.00012925,2024-12-13T13:00:00+01:00,0.00013318,1832.3034031963339,3.664606806392668,52.04875779369699,18375.082789757038,"Time-based exit (4 bars, optimal=4)",14176428.651422312,2024-12-11T13:00:00+01:00,2024-12-13T13:00:00+01:00,0.00012925,0.00013318
LUNC/USDT,Long,jma,12h,"ParamA=20.0, ParamB=50.0, ATR=None",2024-12-13T18:00:00+01:00,0.00013208,2024-12-15T18:00:00+01:00,0.00013311,1837.508278975704,3.675016557951408,10.65443171086288,18385.7372214679,"Time-based exit (4 bars, optimal=4)",13912085.697877832,2024-12-13T18:00:00+01:00,2024-12-15T18:00:00+01:00,0.00013208,0.00013311
LUNC/USDT,Long,jma,12h,"ParamA=20.0, ParamB=50.0, ATR=None",2024-12-15T23:00:00+01:00,0.00013152,2024-12-18T13:00:00+01:00,0.0001211,1838.5737221467903,3.6771474442935808,-149.34273583213977,18236.394485635763,Trend flip,13979423.069850901,2024-12-15T23:00:00+01:00,2024-12-18T13:00:00+01:00,0.00013152,0.0001211
LUNC/USDT,Long,jma,12h,"ParamA=20.0, ParamB=50.0, ATR=None",2024-12-20T13:00:00+01:00,9.813e-05,2024-12-22T13:00:00+01:00,0.00010983,1823.6394485635763,3.6472788971271526,213.78451105695254,18450.178996692717,"Time-based exit (4 bars, optimal=4)",18583913.671288867,2024-12-20T13:00:00+01:00,2024-12-22T13:00:00+01:00,9.813e-05,0.00010983
LUNC/USDT,Long,jma,12h,"ParamA=20.0, ParamB=50.0, ATR=None",2024-12-22T17:00:00+01:00,0.0001096,2024-12-24T17:00:00+01:00,0.00012114,1845.0178996692716,3.6900357993385433,190.57553502350268,18640.75453171622,"Time-based exit (4 bars, optimal=4)",16834104.923989706,2024-12-22T17:00:00+01:00,2024-12-24T17:00:00+01:00,0.0001096,0.00012114
LUNC/USDT,Long,jma,12h,"ParamA=20.0, ParamB=50.0, ATR=None",2024-12-24T23:00:00+01:00,0.00011986,2024-12-27T03:00:00+01:00,0.00011067,1864.0754531716218,3.728150906343244,-146.65200719407227,18494.102524522146,Trend flip,15552106.233702837,2024-12-24T23:00:00+01:00,2024-12-27T03:00:00+01:00,0.00011986,0.00011067
LUNC/USDT,Long,jma,12h,"ParamA=20.0, ParamB=50.0, ATR=None",2024-12-27T04:00:00+01:00,0.00011128,2024-12-29T04:00:00+01:00,0.00011471,1849.4102524522145,3.698820504904429,53.305826924203174,18547.40835144635,"Time-based exit (4 bars, optimal=4)",16619430.73734916,2024-12-27T04:00:00+01:00,2024-12-29T04:00:00+01:00,0.00011128,0.00011471
ETH/EUR,Long,jma,12h,"ParamA=20.0, ParamB=-50.0, ATR=2.0",2024-08-19T19:00:00+02:00,2356.15,2024-08-20T17:00:00+02:00,2316.4511258750013,1854.740835144635,3.70948167028927,-34.960090905228505,18512.44826054112,ATR stop x2.00,0.7871913227700422,2024-08-19T19:00:00+02:00,2024-08-20T17:00:00+02:00,2356.15,2316.4511258750013
ETH/EUR,Long,jma,12h,"ParamA=20.0, ParamB=-50.0, ATR=2.0",2024-08-21T15:00:00+02:00,2334.6,2024-08-24T03:00:00+02:00,2459.21,1851.244826054112,3.7024896521082242,95.10827783465746,18607.55653837578,"Time-based exit (5 bars, optimal=5)",0.7929601756421281,2024-08-21T15:00:00+02:00,2024-08-24T03:00:00+02:00,2334.6,2459.21
ETH/EUR,Long,jma,12h,"ParamA=20.0, ParamB=-50.0, ATR=2.0",2024-08-24T07:00:00+02:00,2461.8,2024-08-26T17:00:00+02:00,2424.759667127972,1860.755653837578,3.721511307675156,-31.718508956408677,18575.83802941937,ATR stop x2.00,0.7558516751310334,2024-08-24T07:00:00+02:00,2024-08-26T17:00:00+02:00,2461.8,2424.759667127972
ETH/EUR,Long,jma,12h,"ParamA=20.0, ParamB=-50.0, ATR=2.0",2024-08-29T02:00:00+02:00,2279.13,2024-08-30T17:00:00+02:00,2221.702967587474,1857.583802941937,3.715167605883874,-50.52053862926991,18525.3174907901,ATR stop x2.00,0.8150407405202585,2024-08-29T02:00:00+02:00,2024-08-30T17:00:00+02:00,2279.13,2221.702967587474
ETH/EUR,Long,jma,12h,"ParamA=20.0, ParamB=-50.0, ATR=2.0",2024-08-30T20:00:00+02:00,2295.07,2024-09-01T04:00:00+02:00,2243.6766208952376,1852.53174907901,3.70506349815802,-45.18870734519813,18480.128783444903,ATR stop x2.00,0.807178756673657,2024-08-30T20:00:00+02:00,2024-09-01T04:00:00+02:00,2295.07,2243.6766208952376
ETH/EUR,Long,jma,12h,"ParamA=20.0, ParamB=-50.0, ATR=2.0",2024-09-02T05:00:00+02:00,2215.38,2024-09-04T02:00:00+02:00,2173.4666096795054,1848.0128783444902,3.6960257566889805,-38.659095337236586,18441.469688107667,ATR stop x2.00,0.8341742176712302,2024-09-02T05:00:00+02:00,2024-09-04T02:00:00+02:00,2215.38,2173.4666096795054
ETH/EUR,Long,jma,12h,"ParamA=20.0, ParamB=-50.0, ATR=2.0",2024-09-08T19:00:00+02:00,2064.39,2024-09-11T07:00:00+02:00,2107.8,1844.1469688107668,3.6882939376215336,35.09043484718946,18476.560122954856,"Time-based exit (5 bars, optimal=5)",0.89331326387493,2024-09-08T19:00:00+02:00,2024-09-11T07:00:00+02:00,2064.39,2107.8
ETH/EUR,Long,jma,12h,"ParamA=20.0, ParamB=-50.0, ATR=2.0",2024-09-11T17:00:00+02:00,2112.35,2024-09-14T05:00:00+02:00,2197.05,1847.6560122954857,3.6953120245909714,70.39111505493095,18546.951238009788,"Time-based exit (5 bars, optimal=5)",0.8746921733119444,2024-09-11T17:00:00+02:00,2024-09-14T05:00:00+02:00,2112.35,2197.05
ETH/EUR,Long,jma,12h,"ParamA=20.0, ParamB=-50.0, ATR=2.0",2024-09-14T05:00:00+02:00,2197.05,2024-09-14T20:00:00+02:00,2167.1764459914666,1854.6951238009788,3.7093902476019576,-28.927903686182056,18518.023334323607,ATR stop x2.00,0.8441752002917451,2024-09-14T05:00:00+02:00,2024-09-14T20:00:00+02:00,2197.05,2167.1764459914666
ETH/EUR,Long,jma,12h,"ParamA=20.0, ParamB=-50.0, ATR=2.0",2024-09-14T22:00:00+02:00,2180.4,2024-09-15T18:00:00+02:00,2156.306057419574,1851.8023334323607,3.7036046668647216,-24.16646427611932,18493.856870047486,ATR stop x2.00,0.849294777762044,2024-09-14T22:00:00+02:00,2024-09-15T18:00:00+02:00,2180.4,2156.306057419574
ETH/EUR,Long,jma,12h,"ParamA=20.0, ParamB=-50.0, ATR=2.0",2024-09-17T14:00:00+02:00,2087.53,2024-09-18T12:00:00+02:00,2058.7730219386053,1849.3856870047487,3.6987713740094974,-29.175168660876388,18464.68170138661,ATR stop x2.00,0.8859205314437391,2024-09-17T14:00:00+02:00,2024-09-18T12:00:00+02:00,2087.53,2058.7730219386053
ETH/EUR,Long,jma,12h,"ParamA=20.0, ParamB=-50.0, ATR=2.0",2024-09-18T14:00:00+02:00,2079.4,2024-09-21T02:00:00+02:00,2303.8,1846.468170138661,3.692936340277322,195.57005172316198,18660.251753109773,"Time-based exit (5 bars, optimal=5)",0.88798123022923,2024-09-18T14:00:00+02:00,2024-09-21T02:00:00+02:00,2079.4,2303.8
ETH/EUR,Long,jma,12h,"ParamA=20.0, ParamB=-50.0, ATR=2.0",2024-09-21T08:00:00+02:00,2283.69,2024-09-23T20:00:00+02:00,2413.35,1866.0251753109774,3.7320503506219547,102.21438906577039,18762.466142175545,"Time-based exit (5 bars, optimal=5)",0.8171096669473428,2024-09-21T08:00:00+02:00,2024-09-23T20:00:00+02:00,2283.69,2413.35
ETH/EUR,Long,jma,12h,"ParamA=20.0, ParamB=-50.0, ATR=2.0",2024-09-24T07:00:00+02:00,2368.0,2024-09-24T16:00:00+02:00,2334.1987823863433,1876.2466142175545,3.752493228435109,-30.534342934539072,18731.931799241007,ATR stop x2.00,0.7923338742472781,2024-09-24T07:00:00+02:00,2024-09-24T16:00:00+02:00,2368.0,2334.1987823863433
ETH/EUR,Long,jma,12h,"ParamA=20.0, ParamB=-50.0, ATR=2.0",2024-09-24T18:00:00+02:00,2356.21,2024-09-25T19:00:00+02:00,2321.378771355378,1873.1931799241006,3.7463863598482012,-31.437305227641446,18700.494494013365,ATR stop x2.00,0.7950026440445039,2024-09-24T18:00:00+02:00,2024-09-25T19:00:00+02:00,2356.21,2321.378771355378
ETH/EUR,Long,jma,12h,"ParamA=20.0, ParamB=-50.0, ATR=2.0",2024-09-27T02:00:00+02:00,2362.5,2024-09-29T14:00:00+02:00,2372.28,1870.0494494013365,3.740098898802673,4.001312155227145,18704.49580616859,"Time-based exit (5 bars, optimal=5)",0.7915553224979202,2024-09-27T02:00:00+02:00,2024-09-29T14:00:00+02:00,2362.5,2372.28
ETH/EUR,Long,jma,12h,"ParamA=20.0, ParamB=-50.0, ATR=2.0",2024-10-01T02:00:00+02:00,2351.79,2024-10-01T16:00:00+02:00,2315.9530937788822,1870.449580616859,3.740899161233718,-32.24307248959013,18672.252733679,ATR stop x2.00,0.7953301870561823,2024-10-01T02:00:00+02:00,2024-10-01T16:00:00+02:00,2351.79,2315.9530937788822
ETH/EUR,Long,jma,12h,"ParamA=20.0, ParamB=-50.0, ATR=2.0",2024-10-04T17:00:00+02:00,2205.48,2024-10-07T05:00:00+02:00,2274.05,1867.2252733679002,3.7344505467358005,54.31896049976528,18726.571694178765,"Time-based exit (5 bars, optimal=5)",0.8466298825506919,2024-10-04T17:00:00+02:00,2024-10-07T05:00:00+02:00,2205.48,2274.05
ETH/EUR,Long,jma,12h,"ParamA=20.0, ParamB=-50.0, ATR=2.0",2024-10-07T08:00:00+02:00,2270.13,2024-10-07T11:00:00+02:00,2243.896653029647,1872.6571694178765,3.7453143388357533,-25.385513482434757,18701.18618069633,ATR stop x2.00,0.8249118638218412,2024-10-07T08:00:00+02:00,2024-10-07T11:00:00+02:00,2270.13,2243.896653029647
ETH/EUR,Long,jma,12h,"ParamA=20.0, ParamB=-50.0, ATR=2.0",2024-10-07T13:00:00+02:00,2255.75,2024-10-07T20:00:00+02:00,2224.9172169396243,1870.1186180696332,3.7402372361392664,-29.302006779799093,18671.884173916533,ATR stop x2.00,0.8290451592905389,2024-10-07T13:00:00+02:00,2024-10-07T20:00:00+02:00,2255.75,2224.9172169396243
ETH/EUR,Long,jma,12h,"ParamA=20.0, ParamB=-50.0, ATR=2.0",2024-10-08T02:00:00+02:00,2220.32,2024-10-09T22:00:00+02:00,2179.51844902661,1867.1884173916533,3.7343768347833066,-38.04663064915645,18633.837543267375,ATR stop x2.00,0.8409546450023659,2024-10-08T02:00:00+02:00,2024-10-09T22:00:00+02:00,2220.32,2179.51844902661
ETH/EUR,Long,jma,12h,"ParamA=20.0, ParamB=-50.0, ATR=2.0",2024-10-11T11:00:00+02:00,2208.08,2024-10-13T23:00:00+02:00,2248.59,1863.3837543267375,3.726767508653475,30.4593470740503,18664.296890341426,"Time-based exit (5 bars, optimal=5)",0.8438932259368943,2024-10-11T11:00:00+02:00,2024-10-13T23:00:00+02:00,2208.08,2248.59
ETH/EUR,Long,jma,12h,"ParamA=20.0, ParamB=-50.0, ATR=2.0",2024-10-14T05:00:00+02:00,2297.41,2024-10-16T17:00:00+02:00,2395.52,1866.4296890341425,3.732859378068285,75.97229416054257,18740.26918450197,"Time-based exit (5 bars, optimal=5)",0.8124060089553639,2024-10-14T05:00:00+02:00,2024-10-16T17:00:00+02:00,2297.41,2395.52
ETH/EUR,Long,jma,12h,"ParamA=20.0, ParamB=-50.0, ATR=2.0",2024-10-16T18:00:00+02:00,2407.45,2024-10-19T06:00:00+02:00,2428.08,1874.026918450197,3.748053836900394,12.310919486586187,18752.580103988555,"Time-based exit (5 bars, optimal=5)",0.7784281785499998,2024-10-16T18:00:00+02:00,2024-10-19T06:00:00+02:00,2407.45,2428.08
ETH/EUR,Long,jma,12h,"ParamA=20.0, ParamB=-50.0, ATR=2.0",2024-10-19T07:00:00+02:00,2433.54,2024-10-21T19:00:00+02:00,2467.32,1875.2580103988555,3.7505160207977113,22.279964510146396,18774.860068498703,"Time-based exit (5 bars, optimal=5)",0.7705885296312596,2024-10-19T07:00:00+02:00,2024-10-21T19:00:00+02:00,2433.54,2467.32
ETH/EUR,Long,jma,12h,"ParamA=20.0, ParamB=-50.0, ATR=2.0",2024-10-27T13:00:00+01:00,2294.3,2024-10-30T01:00:00+01:00,2415.89,1877.4860068498704,3.754972013699741,95.74532157165315,18870.605390070355,"Time-based exit (5 bars, optimal=5)",0.8183262898704922,2024-10-27T13:00:00+01:00,2024-10-30T01:00:00+01:00,2294.3,2415.89
ETH/EUR,Long,jma,12h,"ParamA=20.0, ParamB=-50.0, ATR=2.0",2024-10-30T03:00:00+01:00,2424.44,2024-10-31T15:00:00+01:00,2383.476879344585,1887.0605390070355,3.774121078014071,-35.657726588324735,18834.94766348203,ATR stop x2.00,0.7783490368938952,2024-10-30T03:00:00+01:00,2024-10-31T15:00:00+01:00,2424.44,2383.476879344585
ETH/EUR,Long,jma,12h,"ParamA=20.0, ParamB=-50.0, ATR=2.0",2024-11-06T01:00:00+01:00,2293.97,2024-11-08T13:00:00+01:00,2730.28,1883.494766348203,3.7669895326964062,354.4711746566283,19189.41883813866,"Time-based exit (5 bars, optimal=5)",0.8210633819745695,2024-11-06T01:00:00+01:00,2024-11-08T13:00:00+01:00,2293.97,2730.28
ETH/EUR,Long,jma,12h,"ParamA=20.0, ParamB=-50.0, ATR=2.0",2024-11-08T13:00:00+01:00,2730.28,2024-11-11T01:00:00+01:00,2974.09,1918.9418838138658,3.8378837676277318,167.5208122974859,19356.939650436147,"Time-based exit (5 bars, optimal=5)",0.7028370291009954,2024-11-08T13:00:00+01:00,2024-11-11T01:00:00+01:00,2730.28,2974.09
ETH/EUR,Long,jma,12h,"ParamA=20.0, ParamB=-50.0, ATR=2.0",2024-11-11T09:00:00+01:00,2946.58,2024-11-13T21:00:00+01:00,2984.51,1935.6939650436148,3.8713879300872294,21.045930484517115,19377.985580920664,"Time-based exit (5 bars, optimal=5)",0.6569290380860573,2024-11-11T09:00:00+01:00,2024-11-13T21:00:00+01:00,2946.58,2984.51
ETH/EUR,Long,jma,12h,"ParamA=20.0, ParamB=-50.0, ATR=2.0",2024-11-16T02:00:00+01:00,2932.28,2024-11-18T14:00:00+01:00,2905.02,1937.7985580920663,3.8755971161841325,-21.890380388446722,19356.095200532218,"Time-based exit (5 bars, optimal=5)",0.6608504501930464,2024-11-16T02:00:00+01:00,2024-11-18T14:00:00+01:00,2932.28,2905.02
ETH/EUR,Long,jma,12h,"ParamA=20.0, ParamB=-50.0, ATR=2.0",2024-11-18T15:00:00+01:00,2922.6,2024-11-21T03:00:00+01:00,2899.0,1935.6095200532218,3.8712190401064435,-19.50126922598746,19336.59393130623,"Time-based exit (5 bars, optimal=5)",0.662290262113605,2024-11-18T15:00:00+01:00,2024-11-21T03:00:00+01:00,2922.6,2899.0
ETH/EUR,Long,jma,12h,"ParamA=20.0, ParamB=-50.0, ATR=2.0",2024-11-21T04:00:00+01:00,2920.72,2024-11-23T16:00:00+01:00,3304.18,1933.659393130623,3.867318786261246,250.0019432073118,19586.595874513543,"Time-based exit (5 bars, optimal=5)",0.6620488760068144,2024-11-21T04:00:00+01:00,2024-11-23T16:00:00+01:00,2920.72,3304.18
ETH/EUR,Long,jma,12h,"ParamA=20.0, ParamB=-50.0, ATR=2.0",2024-11-23T18:00:00+01:00,3277.42,2024-11-24T12:00:00+01:00,3195.0755608269023,1958.6595874513544,3.9173191749027088,-53.12820006892689,19533.467674444615,ATR stop x2.00,0.5976223942770088,2024-11-23T18:00:00+01:00,2024-11-24T12:00:00+01:00,3277.42,3195.0755608269023
ETH/EUR,Long,jma,12h,"ParamA=20.0, ParamB=-50.0, ATR=2.0",2024-11-24T17:00:00+01:00,3161.96,2024-11-27T05:00:00+01:00,3244.8,1953.3467674444614,3.906693534888923,47.268921025415274,19580.73659547003,"Time-based exit (5 bars, optimal=5)",0.6177645408052161,2024-11-24T17:00:00+01:00,2024-11-27T05:00:00+01:00,3161.96,3244.8
ETH/EUR,Long,jma,12h,"ParamA=20.0, ParamB=-50.0, ATR=2.0",2024-11-27T11:00:00+01:00,3285.0,2024-11-29T23:00:00+01:00,3400.75,1958.073659547003,3.916147319094006,65.07838117179354,19645.81497664182,"Time-based exit (5 bars, optimal=5)",0.5960650409579917,2024-11-27T11:00:00+01:00,2024-11-29T23:00:00+01:00,3285.0,3400.75
ETH/EUR,Long,jma,12h,"ParamA=20.0, ParamB=-50.0, ATR=2.0",2024-11-30T02:00:00+01:00,3400.51,2024-12-02T14:00:00+01:00,3454.19,1964.581497664182,3.929162995328364,27.083460050806767,19672.898436692627,"Time-based exit (5 bars, optimal=5)",0.5777314278341137,2024-11-30T02:00:00+01:00,2024-12-02T14:00:00+01:00,3400.51,3454.19
ETH/EUR,Long,jma,12h,"ParamA=20.0, ParamB=-50.0, ATR=2.0",2024-12-04T04:00:00+01:00,3486.36,2024-12-06T16:00:00+01:00,3783.33,1967.2898436692626,3.9345796873385255,163.64021605218937,19836.538652744817,"Time-based exit (5 bars, optimal=5)",0.5642818996515743,2024-12-04T04:00:00+01:00,2024-12-06T16:00:00+01:00,3486.36,3783.33
ETH/EUR,Long,jma,12h,"ParamA=20.0, ParamB=-50.0, ATR=2.0",2024-12-07T05:00:00+01:00,3782.06,2024-12-09T04:00:00+01:00,3708.025159807189,1983.6538652744816,3.9673077305489635,-42.79786486434584,19793.74078788047,ATR stop x2.00,0.5244903214847151,2024-12-07T05:00:00+01:00,2024-12-09T04:00:00+01:00,3782.06,3708.025159807189
ETH/EUR,Long,jma,12h,"ParamA=20.0, ParamB=-50.0, ATR=2.0",2024-12-11T19:00:00+01:00,3607.39,2024-12-14T07:00:00+01:00,3735.43,1979.374078788047,3.958748157576094,66.29677094294297,19860.037558823413,"Time-based exit (5 bars, optimal=5)",0.5486997742933387,2024-12-11T19:00:00+01:00,2024-12-14T07:00:00+01:00,3607.39,3735.43
ETH/EUR,Long,jma,12h,"ParamA=20.0, ParamB=-50.0, ATR=2.0",2024-12-14T09:00:00+01:00,3731.6,2024-12-14T13:00:00+01:00,3682.7391976146573,1986.0037558823412,3.9720075117646827,-29.97633194437141,19830.061226879043,ATR stop x2.00,0.5322123903640105,2024-12-14T09:00:00+01:00,2024-12-14T13:00:00+01:00,3731.6,3682.7391976146573
ETH/EUR,Long,jma,12h,"ParamA=20.0, ParamB=-50.0, ATR=2.0",2024-12-15T20:00:00+01:00,3703.37,2024-12-15T22:00:00+01:00,3659.44097363858,1983.0061226879043,3.9660122453758087,-27.48824422284871,19802.572982656195,ATR stop x2.00,0.5354598980625496,2024-12-15T20:00:00+01:00,2024-12-15T22:00:00+01:00,3703.37,3659.44097363858
ETH/EUR,Long,jma,12h,"ParamA=20.0, ParamB=-50.0, ATR=2.0",2024-12-15T23:00:00+01:00,3699.92,2024-12-18T05:00:00+01:00,3648.9677802784113,1980.2572982656195,3.960514596531239,-31.230970435173596,19771.342012221023,ATR stop x2.00,0.5352162474501123,2024-12-15T23:00:00+01:00,2024-12-18T05:00:00+01:00,3699.92,3648.9677802784113
ETH/EUR,Long,jma,12h,"ParamA=20.0, ParamB=-50.0, ATR=2.0",2024-12-23T17:00:00+01:00,3241.84,2024-12-26T05:00:00+01:00,3308.84,1977.1342012221023,3.9542684024442045,36.907708586512946,19808.249720807537,"Time-based exit (5 bars, optimal=5)",0.6098802535665246,2024-12-23T17:00:00+01:00,2024-12-26T05:00:00+01:00,3241.84,3308.84
ETH/EUR,Long,jma,12h,"ParamA=20.0, ParamB=-50.0, ATR=2.0",2024-12-27T01:00:00+01:00,3210.31,2024-12-29T13:00:00+01:00,3240.12,1980.8249720807537,3.9616499441615076,14.431711574734539,19822.681432382273,"Time-based exit (5 bars, optimal=5)",0.6170198429686709,2024-12-27T01:00:00+01:00,2024-12-29T13:00:00+01:00,3210.31,3240.12
ETH/EUR,Long,jma,12h,"ParamA=20.0, ParamB=-50.0, ATR=2.0",2024-12-30T06:00:00+01:00,3260.6,2024-12-30T14:00:00+01:00,3213.4661899798602,1982.2681432382274,3.964536286476455,-32.619339105701634,19790.06209327657,ATR stop x2.00,0.6079458207809076,2024-12-30T06:00:00+01:00,2024-12-30T14:00:00+01:00,3260.6,3213.4661899798602
XRP/EUR,Long,jma,12h,"ParamA=30.0, ParamB=-50.0, ATR=None",2024-08-19T16:00:00+02:00,0.5255,2024-08-22T04:00:00+02:00,0.5337,1979.006209327657,3.958012418655314,26.92276953469722,19816.984862811267,"Time-based exit (5 bars, optimal=5)",3765.949018701536,2024-08-19T16:00:00+02:00,2024-08-22T04:00:00+02:00,0.5255,0.5337
XRP/EUR,Long,jma,12h,"ParamA=30.0, ParamB=-50.0, ATR=None",2024-08-22T07:00:00+02:00,0.54,2024-08-24T19:00:00+02:00,0.553,1981.6984862811266,3.9633969725622533,43.7441591786501,19860.72902198992,"Time-based exit (5 bars, optimal=5)",3669.812011631716,2024-08-22T07:00:00+02:00,2024-08-24T19:00:00+02:00,0.54,0.553
XRP/EUR,Long,jma,12h,"ParamA=30.0, ParamB=-50.0, ATR=None",2024-08-24T20:00:00+02:00,0.5539,2024-08-27T08:00:00+02:00,0.5293,1986.0729021989919,3.972145804397984,-92.17830827794035,19768.55071371198,Trend flip,3585.6163607131107,2024-08-24T20:00:00+02:00,2024-08-27T08:00:00+02:00,0.5539,0.5293
XRP/EUR,Long,jma,12h,"ParamA=30.0, ParamB=-50.0, ATR=None",2024-08-30T18:00:00+02:00,0.5041,2024-09-02T06:00:00+02:00,0.4943,1976.855071371198,3.9537101427423957,-42.38493351000622,19726.165780201973,Trend flip,3921.5534048228487,2024-08-30T18:00:00+02:00,2024-09-02T06:00:00+02:00,0.5041,0.4943
XRP/EUR,Long,jma,12h,"ParamA=30.0, ParamB=-50.0, ATR=None",2024-09-02T16:00:00+02:00,0.5038,2024-09-05T04:00:00+02:00,0.5027,1972.6165780201973,3.945233156040395,-8.252256252154323,19717.913523949817,"Time-based exit (5 bars, optimal=5)",3915.4755419217886,2024-09-02T16:00:00+02:00,2024-09-05T04:00:00+02:00,0.5038,0.5027
XRP/EUR,Long,jma,12h,"ParamA=30.0, ParamB=-50.0, ATR=None",2024-09-08T19:00:00+02:00,0.4753,2024-09-11T07:00:00+02:00,0.4809,1971.7913523949817,3.9435827047899634,19.28812689632909,19737.201650846146,"Time-based exit (5 bars, optimal=5)",4148.519571628407,2024-09-08T19:00:00+02:00,2024-09-11T07:00:00+02:00,0.4753,0.4809
XRP/EUR,Long,jma,12h,"ParamA=30.0, ParamB=-50.0, ATR=None",2024-09-11T17:00:00+02:00,0.4833,2024-09-14T05:00:00+02:00,0.5218,1973.7201650846146,3.947440330169229,153.28042301714657,19890.48207386329,"Time-based exit (5 bars, optimal=5)",4083.8406064237834,2024-09-11T17:00:00+02:00,2024-09-14T05:00:00+02:00,0.4833,0.5218
XRP/EUR,Long,jma,12h,"ParamA=30.0, ParamB=-50.0, ATR=None",2024-09-14T09:00:00+02:00,0.5227,2024-09-16T21:00:00+02:00,0.527,1989.048207386329,3.9780964147726583,12.384840818365195,19902.866914681657,"Time-based exit (5 bars, optimal=5)",3805.334240264643,2024-09-14T09:00:00+02:00,2024-09-16T21:00:00+02:00,0.5227,0.527
XRP/EUR,Long,jma,12h,"ParamA=30.0, ParamB=-50.0, ATR=None",2024-09-17T03:00:00+02:00,0.5229,2024-09-19T15:00:00+02:00,0.527,1990.2866914681658,3.9805733829363317,11.625040376902003,19914.49195505856,"Time-based exit (5 bars, optimal=5)",3806.2472584971615,2024-09-17T03:00:00+02:00,2024-09-19T15:00:00+02:00,0.5229,0.527
XRP/EUR,Long,jma,12h,"ParamA=30.0, ParamB=-50.0, ATR=None",2024-09-19T18:00:00+02:00,0.5311,2024-09-22T06:00:00+02:00,0.5375,1991.4491955058559,3.982898391011712,20.01498308373391,19934.50693814229,"Time-based exit (5 bars, optimal=5)",3749.6689804290263,2024-09-19T18:00:00+02:00,2024-09-22T06:00:00+02:00,0.5311,0.5375
XRP/EUR,Long,jma,12h,"ParamA=30.0, ParamB=-50.0, ATR=None",2024-09-22T06:00:00+02:00,0.5375,2024-09-24T22:00:00+02:00,0.5272,1993.450693814229,3.9869013876284582,-42.18697979932429,19892.319958342967,Trend flip,3708.745476863682,2024-09-22T06:00:00+02:00,2024-09-24T22:00:00+02:00,0.5375,0.5272
XRP/EUR,Long,jma,12h,"ParamA=30.0, ParamB=-50.0, ATR=None",2024-09-26T07:00:00+02:00,0.5242,2024-09-28T19:00:00+02:00,0.5591,1989.2319958342966,3.9784639916685935,128.45991192328185,20020.779870266248,"Time-based exit (5 bars, optimal=5)",3794.7958714885476,2024-09-26T07:00:00+02:00,2024-09-28T19:00:00+02:00,0.5242,0.5591
XRP/EUR,Long,jma,12h,"ParamA=30.0, ParamB=-50.0, ATR=None",2024-09-29T06:00:00+02:00,0.5523,2024-10-01T18:00:00+02:00,0.5487,2002.0779870266247,4.0041559740532495,-17.054093966622403,20003.725776299627,"Time-based exit (5 bars, optimal=5)",3624.982775713606,2024-09-29T06:00:00+02:00,2024-10-01T18:00:00+02:00,0.5523,0.5487
XRP/EUR,Long,jma,12h,"ParamA=30.0, ParamB=-50.0, ATR=None",2024-10-06T03:00:00+02:00,0.4855,2024-10-08T15:00:00+02:00,0.4846,2000.3725776299627,4.000745155259925,-7.708953847055992,19996.01682245257,"Time-based exit (5 bars, optimal=5)",4120.231879773352,2024-10-06T03:00:00+02:00,2024-10-08T15:00:00+02:00,0.4855,0.4846
XRP/EUR,Long,jma,12h,"ParamA=30.0, ParamB=-50.0, ATR=None",2024-10-08T15:00:00+02:00,0.4846,2024-10-11T03:00:00+02:00,0.4894,1999.601682245257,3.9992033644905143,15.807003970997078,20011.823826423566,"Time-based exit (5 bars, optimal=5)",4126.2931948932255,2024-10-08T15:00:00+02:00,2024-10-11T03:00:00+02:00,0.4846,0.4894
XRP/EUR,Long,jma,12h,"ParamA=30.0, ParamB=-50.0, ATR=None",2024-10-11T17:00:00+02:00,0.4922,2024-10-14T05:00:00+02:00,0.4904,2001.1823826423565,4.002364765284713,-11.320788757069128,20000.503037666498,"Time-based exit (5 bars, optimal=5)",4065.7911065468434,2024-10-11T17:00:00+02:00,2024-10-14T05:00:00+02:00,0.4922,0.4904
XRP/EUR,Long,jma,12h,"ParamA=30.0, ParamB=-50.0, ATR=None",2024-10-15T00:00:00+02:00,0.503,2024-10-17T12:00:00+02:00,0.5138,2000.05030376665,4.0001006075333,38.9433253977945,20039.446363064293,"Time-based exit (5 bars, optimal=5)",3976.243148641451,2024-10-15T00:00:00+02:00,2024-10-17T12:00:00+02:00,0.503,0.5138
XRP/EUR,Long,jma,12h,"ParamA=30.0, ParamB=-50.0, ATR=None",2024-10-18T03:00:00+02:00,0.5026,2024-10-20T16:00:00+02:00,0.4981,2003.9446363064294,4.007889272612859,-21.950091547541334,20017.496271516753,"Time-based exit (5 bars, optimal=5)",3987.1560610951637,2024-10-18T03:00:00+02:00,2024-10-20T16:00:00+02:00,0.5026,0.4981
XRP/EUR,Long,jma,12h,"ParamA=30.0, ParamB=-50.0, ATR=None",2024-10-20T22:00:00+02:00,0.4998,2024-10-23T14:00:00+02:00,0.4882,2001.7496271516752,4.0034992543033505,-50.46267427423018,19967.033597242524,Trend flip,4005.1012948212788,2024-10-20T22:00:00+02:00,2024-10-23T14:00:00+02:00,0.4998,0.4882
XRP/EUR,Long,jma,12h,"ParamA=30.0, ParamB=-50.0, ATR=None",2024-10-27T13:00:00+01:00,0.4754,2024-10-30T01:00:00+01:00,0.4843,1996.7033597242523,3.9934067194485046,33.38703059974772,20000.42062784227,"Time-based exit (5 bars, optimal=5)",4200.04913698833,2024-10-27T13:00:00+01:00,2024-10-30T01:00:00+01:00,0.4754,0.4843
XRP/EUR,Long,jma,12h,"ParamA=30.0, ParamB=-50.0, ATR=None",2024-10-30T14:00:00+01:00,0.4831,2024-11-02T04:00:00+01:00,0.4749,2000.0420627842273,4.0000841255684545,-37.94822098094133,19962.47240686133,Trend flip,4140.016689679626,2024-10-30T14:00:00+01:00,2024-11-02T04:00:00+01:00,0.4831,0.4749
XRP/EUR,Long,jma,12h,"ParamA=30.0, ParamB=-50.0, ATR=None",2024-11-04T01:00:00+01:00,0.4637,2024-11-06T13:00:00+01:00,0.4981,1996.247240686133,3.992494481372266,144.10089581322111,20106.57330267455,"Time-based exit (5 bars, optimal=5)",4305.040415540507,2024-11-04T01:00:00+01:00,2024-11-06T13:00:00+01:00,0.4637,0.4981
XRP/EUR,Long,jma,12h,"ParamA=30.0, ParamB=-50.0, ATR=None",2024-11-06T19:00:00+01:00,0.4974,2024-11-09T07:00:00+01:00,0.5151,2010.657330267455,4.021314660534911,67.52801132606328,20174.101314000614,"Time-based exit (5 bars, optimal=5)",4042.3348015027245,2024-11-06T19:00:00+01:00,2024-11-09T07:00:00+01:00,0.4974,0.5151
XRP/EUR,Long,jma,12h,"ParamA=30.0, ParamB=-50.0, ATR=None",2024-11-09T19:00:00+01:00,0.5132,2024-11-12T07:00:00+01:00,0.5666,2017.4101314000613,4.034820262800123,205.88275771218682,20379.984071712803,"Time-based exit (5 bars, optimal=5)",3931.040786048444,2024-11-09T19:00:00+01:00,2024-11-12T07:00:00+01:00,0.5132,0.5666
XRP/EUR,Long,jma,12h,"ParamA=30.0, ParamB=-50.0, ATR=None",2024-11-12T07:00:00+01:00,0.5666,2024-11-14T19:00:00+01:00,0.7338,2037.9984071712802,4.0759968143425604,597.3241685210583,20977.308240233862,"Time-based exit (5 bars, optimal=5)",3596.8909410012006,2024-11-12T07:00:00+01:00,2024-11-14T19:00:00+01:00,0.5666,0.7338
XRP/EUR,Long,jma,12h,"ParamA=30.0, ParamB=-50.0, ATR=None",2024-11-15T01:00:00+01:00,0.7587,2024-11-17T13:00:00+01:00,1.0178,2097.730824023386,4.195461648046773,712.190536117156,21689.498776351018,"Time-based exit (5 bars, optimal=5)",2764.9015737753866,2024-11-15T01:00:00+01:00,2024-11-17T13:00:00+01:00,0.7587,1.0178
XRP/EUR,Long,jma,12h,"ParamA=30.0, ParamB=-50.0, ATR=None",2024-11-17T13:00:00+01:00,1.0178,2024-11-20T01:00:00+01:00,1.0494,2168.949877635102,4.337899755270204,63.00226150752148,21752.50103785854,"Time-based exit (5 bars, optimal=5)",2131.017761480745,2024-11-17T13:00:00+01:00,2024-11-20T01:00:00+01:00,1.0178,1.0494
XRP/EUR,Long,jma,12h,"ParamA=30.0, ParamB=-50.0, ATR=None",2024-11-20T09:00:00+01:00,1.0354,2024-11-22T21:00:00+01:00,1.3888,2175.2501037858538,4.350500207571708,738.1001340187374,22490.601171877275,"Time-based exit (5 bars, optimal=5)",2100.8789876239653,2024-11-20T09:00:00+01:00,2024-11-22T21:00:00+01:00,1.0354,1.3888
XRP/EUR,Long,jma,12h,"ParamA=30.0, ParamB=-50.0, ATR=None",2024-11-22T21:00:00+01:00,1.3888,2024-11-25T09:00:00+01:00,1.4518,2249.0601171877274,4.498120234375455,97.52577621063226,22588.12694808791,"Time-based exit (5 bars, optimal=5)",1619.4269276985365,2024-11-22T21:00:00+01:00,2024-11-25T09:00:00+01:00,1.3888,1.4518
XRP/EUR,Long,jma,12h,"ParamA=30.0, ParamB=-50.0, ATR=None",2024-11-27T02:00:00+01:00,1.3322,2024-11-29T14:00:00+01:00,1.5961,2258.812694808791,4.517625389617582,442.93821469448386,23031.065162782394,"Time-based exit (5 bars, optimal=5)",1695.550739234943,2024-11-27T02:00:00+01:00,2024-11-29T14:00:00+01:00,1.3322,1.5961
XRP/EUR,Long,jma,12h,"ParamA=30.0, ParamB=-50.0, ATR=None",2024-11-30T12:00:00+01:00,1.7895,2024-12-03T00:00:00+01:00,2.5915,2303.1065162782393,4.606213032556479,1027.576757660457,24058.64192044285,"Time-based exit (5 bars, optimal=5)",1287.01118540276,2024-11-30T12:00:00+01:00,2024-12-03T00:00:00+01:00,1.7895,2.5915
XRP/EUR,Long,jma,12h,"ParamA=30.0, ParamB=-50.0, ATR=None",2024-12-03T04:00:00+01:00,2.6424,2024-12-05T19:00:00+01:00,2.2668,2405.864192044285,4.81172838408857,-346.7896993694933,23711.852221073357,Trend flip,910.4844807918124,2024-12-03T04:00:00+01:00,2024-12-05T19:00:00+01:00,2.6424,2.2668
XRP/EUR,Long,jma,12h,"ParamA=30.0, ParamB=-50.0, ATR=None",2024-12-06T14:00:00+01:00,2.173,2024-12-09T02:00:00+01:00,2.3706,2371.185222107336,4.7423704442146715,210.87944266596003,23922.731663739316,"Time-based exit (5 bars, optimal=5)",1091.2035076425843,2024-12-06T14:00:00+01:00,2024-12-09T02:00:00+01:00,2.173,2.3706
XRP/EUR,Long,jma,12h,"ParamA=30.0, ParamB=-50.0, ATR=None",2024-12-10T15:00:00+01:00,2.0851,2024-12-13T03:00:00+01:00,2.239,2392.2731663739314,4.784546332747863,171.78772372861482,24094.51938746793,"Time-based exit (5 bars, optimal=5)",1147.3181940309487,2024-12-10T15:00:00+01:00,2024-12-13T03:00:00+01:00,2.0851,2.239
XRP/EUR,Long,jma,12h,"ParamA=30.0, ParamB=-50.0, ATR=None",2024-12-14T00:00:00+01:00,2.3067,2024-12-16T16:00:00+01:00,2.2595,2409.451938746793,4.818903877493586,-54.12142761653591,24040.397959851394,Trend flip,1044.544994471233,2024-12-14T00:00:00+01:00,2024-12-16T16:00:00+01:00,2.3067,2.2595
XRP/EUR,Long,jma,12h,"ParamA=30.0, ParamB=-50.0, ATR=None",2024-12-16T17:00:00+01:00,2.3902,2024-12-19T09:00:00+01:00,2.2633,2404.0397959851393,4.808079591970278,-132.44285915456513,23907.95510069683,Trend flip,1005.7902250795495,2024-12-16T17:00:00+01:00,2024-12-19T09:00:00+01:00,2.3902,2.2633
XRP/EUR,Long,jma,12h,"ParamA=30.0, ParamB=-50.0, ATR=None",2024-12-20T13:00:00+01:00,2.0747,2024-12-23T01:00:00+01:00,2.0901,2390.7955100696827,4.781591020139365,12.964710061980124,23920.91981075881,"Time-based exit (5 bars, optimal=5)",1152.3572131246362,2024-12-20T13:00:00+01:00,2024-12-23T01:00:00+01:00,2.0747,2.0901
XRP/EUR,Long,jma,12h,"ParamA=30.0, ParamB=-50.0, ATR=None",2024-12-23T17:00:00+01:00,2.11,2024-12-26T05:00:00+01:00,2.1697,2392.091981075881,4.784183962151762,62.89728109482967,23983.817091853638,"Time-based exit (5 bars, optimal=5)",1133.6928820264839,2024-12-23T17:00:00+01:00,2024-12-26T05:00:00+01:00,2.11,2.1697
